,Y
14231,1
6289,0
13932,1
7763,1
17453,0
7753,0
13491,0
1013,0
3009,1
11648,0
66,0
16853,1
10742,0
15411,1
3556,1
14689,1
7350,0
10697,0
14866,0
10859,1
8190,1
2858,0
10060,1
5914,0
9228,1
7801,1
8778,0
2338,1
2567,1
8166,0
15890,1
4273,1
9194,1
14991,0
7399,0
11675,0
10764,0
6630,0
5492,0
5476,1
8018,1
7515,1
17445,0
4973,1
9792,1
14194,1
14207,0
9133,1
4119,1
11637,1
14920,1
16392,0
5754,0
12114,1
10832,1
15006,0
9658,0
8838,0
1072,0
6262,0
9886,1
6276,1
13737,1
10075,0
1400,0
11854,1
14261,0
12919,1
15165,0
4502,0
13834,1
10670,0
5506,1
8876,0
4463,1
8903,0
10635,0
15532,1
8084,0
11454,1
10505,1
3214,0
7258,1
6858,1
14782,1
1867,0
9540,0
11081,0
15005,0
10180,0
11970,0
9156,0
15075,0
2001,1
7594,1
6931,0
7836,1
4935,0
13944,1
1686,0
5239,0
13625,1
4154,0
6452,0
17798,0
14151,0
2189,0
13817,1
540,0
6705,0
15758,1
8557,1
7817,0
9802,0
7549,1
10982,1
11954,1
11034,1
12747,1
869,0
4741,0
8438,1
6252,0
703,1
9845,1
214,1
17832,0
6542,1
4546,1
949,1
12550,1
6597,0
15286,1
7967,1
15982,1
10973,0
16403,0
10020,1
13471,1
6272,1
9786,1
17337,1
8437,1
8498,1
3044,0
14817,0
8971,1
15489,0
8957,0
6909,1
4702,1
1655,1
1561,0
12229,1
6094,0
17154,1
16862,1
2606,1
9893,0
14950,1
9985,1
15113,0
16538,1
17266,1
6973,0
7620,1
15250,0
9576,1
3231,0
8220,0
1595,0
13963,1
17144,1
13292,1
4904,0
8225,1
6197,0
2815,1
17591,0
5720,1
11361,0
3482,0
3394,1
499,0
8750,0
14086,0
15496,1
7674,0
1505,0
127,0
3484,1
16574,1
224,1
9828,1
14497,0
3780,1
9644,0
10304,1
12639,0
17069,1
12842,1
16468,1
9350,0
9405,0
2240,1
13657,1
16720,1
11052,1
6394,0
13326,0
15908,1
10821,1
14637,1
17053,0
17709,1
15065,1
12061,0
10698,0
12360,0
6701,0
12953,0
13565,1
15959,0
1285,0
8207,1
15549,0
2856,0
12424,1
8262,0
12962,0
3423,1
3927,1
2699,0
8000,0
43,0
6522,1
6654,1
9486,1
5080,1
7698,1
14092,0
15736,1
5134,1
14185,1
2956,0
17216,0
12670,0
912,1
8271,1
2526,0
2438,1
6845,1
6536,1
3156,1
10861,1
8176,1
129,1
3877,1
10978,0
12202,1
17421,1
7047,1
10384,1
696,0
15336,1
13371,0
1890,0
13797,1
13172,0
16063,0
158,1
13877,1
9654,0
14472,0
12316,1
13843,1
9071,1
11255,0
6044,0
6631,0
8615,0
12378,0
2723,0
2414,1
6332,0
12581,1
14200,1
13382,0
8512,1
6777,1
4460,1
5015,0
12490,0
15430,0
8535,0
14909,1
1212,0
3895,0
7520,1
16959,1
7401,0
7561,1
9188,0
3263,1
7843,1
8345,0
16588,1
7276,1
1256,0
12187,0
3820,0
3746,0
1905,0
7189,1
16692,0
13513,0
13876,0
355,1
1672,1
9801,1
4295,0
557,0
809,0
5950,1
1483,0
7712,0
4434,1
5520,0
16677,0
17922,1
4132,0
15642,1
2439,1
17356,1
15356,1
11109,1
743,1
15662,0
16195,1
17452,1
15498,0
9407,0
16553,1
11078,1
8411,0
3275,0
15900,1
1280,1
9326,0
13320,1
16159,0
8392,1
3691,1
16967,0
3344,1
6792,0
5353,0
5382,1
13309,0
804,1
15885,0
14941,1
3055,0
6889,0
4221,0
6589,1
694,1
2419,1
882,1
13828,1
11192,0
5762,0
840,0
8655,0
16844,0
1421,1
17888,0
11861,0
1197,0
16040,1
3308,0
2312,1
10597,1
781,1
13570,0
9317,1
2637,0
2827,0
11990,1
5766,0
2242,1
2211,0
8237,1
7060,1
9724,0
10901,1
11958,0
9807,0
13416,0
9858,1
6739,1
14688,0
14999,0
4792,0
10676,1
10596,1
12961,1
7056,1
10116,0
8363,1
4875,0
10427,1
17542,1
3860,1
10672,1
2934,1
3422,0
14578,1
8150,1
4313,1
5219,0
10711,1
8393,1
14434,0
5703,0
4127,1
4839,0
3668,0
1173,1
13115,0
5620,0
12780,0
13912,0
5681,1
6233,1
11174,1
14148,0
3429,0
4190,0
5844,0
3099,1
4562,1
1274,1
910,0
267,1
14993,0
4797,0
15038,0
14827,1
16350,1
3506,0
5022,1
4123,0
766,0
11805,1
3184,1
2677,0
15708,1
7445,1
12866,0
6466,1
16214,1
3488,1
1999,1
3208,1
14456,0
7749,1
12110,0
13478,1
9196,1
3674,1
16638,1
8952,0
4288,0
7042,1
12973,0
17101,0
1734,0
6130,0
1494,1
2465,1
1214,1
1022,1
10455,1
16917,1
1611,0
2287,1
281,1
6789,0
8346,1
4277,1
9037,1
2354,0
10782,1
972,0
212,0
11032,0
6984,1
13742,0
12324,0
163,1
7723,1
10794,0
16213,1
17733,0
15338,1
9960,0
13695,0
6627,0
12845,1
11638,1
5457,0
12250,1
7482,1
11256,1
10705,0
4520,0
2760,0
3575,1
10696,1
12264,0
15447,0
8077,0
8389,0
11105,0
11756,0
9891,0
3419,1
7404,1
1073,1
13342,0
17917,1
4966,0
14838,0
10153,1
2021,0
4459,0
17403,1
948,0
192,0
2530,0
12308,1
10315,1
13235,0
10220,0
11008,1
9,0
3291,1
1145,1
15154,0
11269,0
16363,0
1901,0
13821,0
5608,1
702,1
2112,1
3931,0
4102,1
3547,0
4705,1
2880,0
11151,1
11373,0
17268,1
15442,0
16091,1
17829,1
8573,1
16599,1
13242,1
8135,1
15181,1
2891,1
4817,1
4185,0
10409,1
887,1
3379,0
17786,1
11339,1
10512,1
9857,1
12385,1
16189,0
623,1
7246,1
2770,0
2422,0
11408,0
16168,0
7311,1
14249,1
2416,0
2703,0
529,1
15324,1
13611,1
15104,0
15579,1
4731,0
17243,1
14333,1
12999,0
4384,1
970,1
5842,0
4108,0
5726,0
9850,1
8344,0
9772,1
7814,1
9415,0
440,1
785,0
12822,0
1456,1
3717,1
9092,1
16660,0
2131,0
17628,0
1254,0
10883,0
17571,1
805,0
5980,1
5606,0
14625,0
3103,1
13949,1
16244,0
6241,0
15842,1
16149,1
12574,1
5078,0
10541,0
6286,1
6765,0
12731,0
6066,0
7259,0
11397,0
8232,0
9435,1
6344,1
13595,0
7847,1
16183,0
16721,0
13597,1
1486,1
4749,0
12370,0
14982,0
870,1
16954,1
15479,0
15999,0
13931,0
4952,0
15655,0
12384,0
3224,0
5111,0
14216,1
15578,0
11837,1
16766,0
12821,0
1589,0
4798,0
4824,1
10862,1
16124,0
5150,1
3461,1
9733,0
8584,0
10419,0
7164,1
10662,1
17948,0
14585,1
2644,0
8228,1
2847,0
12493,0
2084,1
443,0
13672,1
10578,0
6975,1
522,1
7942,0
5719,0
9925,0
5414,0
9630,1
5811,0
5909,0
1991,0
4494,0
5101,0
15346,0
14292,0
13105,1
1941,1
11402,0
6787,0
12545,1
12140,0
14789,1
736,1
15699,0
17773,0
11804,0
1436,0
11412,0
17496,0
3457,1
2170,1
53,1
1091,1
4767,0
15916,1
16069,1
7529,1
9887,0
17233,1
6696,1
7689,1
250,1
136,1
3881,0
13335,0
1002,1
12632,1
8857,0
5296,0
651,1
11968,1
1591,1
7777,0
9380,1
1337,1
752,0
9280,0
5595,1
10990,0
16286,0
5836,0
2908,0
1268,0
5659,1
2789,0
5527,1
4128,0
9152,0
7647,1
10403,0
4414,1
15728,0
5936,0
6577,0
3035,1
3064,1
8962,1
14305,1
5033,1
9557,0
10539,0
12272,0
3501,0
17324,0
12132,0
6484,0
12199,1
13862,1
12226,0
14944,1
8565,0
137,0
12259,0
16221,0
15014,1
1282,0
12095,1
12580,1
2547,0
958,1
1855,0
2664,0
12946,1
5404,0
8330,1
14271,1
2518,0
17252,0
9923,1
16626,0
12042,1
9182,0
6302,0
3727,1
7857,1
10508,1
10413,0
5577,0
5246,0
13699,1
6650,0
17013,1
3828,1
9884,0
13336,0
885,0
16477,1
1014,0
6470,0
14180,0
3155,0
3229,0
6109,1
13865,1
6290,0
9536,1
3243,0
9298,1
17465,1
1966,1
12107,1
10542,0
15060,0
10852,1
6190,1
7073,1
9401,0
4320,0
6498,0
2003,0
5613,0
9582,0
9758,0
7658,1
12494,1
5234,1
5993,0
1513,1
10306,0
11456,0
3718,0
7868,1
16547,1
5380,1
15631,1
4965,0
11337,0
10833,0
16906,0
10692,0
16773,0
16761,0
15001,1
8669,0
14734,0
4167,0
5229,1
11188,0
15653,1
3561,0
8705,1
15344,1
10278,0
10854,1
5462,0
8284,1
5915,1
2671,1
11500,1
5750,0
15095,1
15485,0
121,0
1935,0
13915,0
8145,0
15396,1
15202,0
6242,0
5502,1
13014,1
14177,1
8409,0
4294,1
1563,1
8754,0
4772,0
5810,0
716,1
7512,0
14810,1
1236,1
3739,0
8426,1
2194,1
3657,0
10110,1
11124,0
10638,0
2255,1
4989,1
8670,1
10599,0
5155,0
1948,0
5222,1
322,0
9039,0
4170,0
2178,0
14453,1
14864,0
11288,0
796,0
11230,0
13171,0
14632,1
12701,0
3633,0
17361,0
2159,0
3272,0
1353,0
72,1
8538,0
8821,1
12041,0
8102,0
13303,1
16811,0
9791,0
15131,1
7716,0
11469,1
9613,0
5870,0
5999,0
7574,1
7719,1
6912,1
15364,1
4068,1
12125,1
11145,0
11999,1
12990,1
6464,1
1869,1
11672,1
13591,0
15365,1
7527,0
1438,0
2876,0
17544,0
13267,1
5742,1
17845,0
17657,1
10341,1
14821,0
777,1
5578,1
6120,0
1932,0
14243,1
7112,0
2080,0
12427,0
13271,1
12233,0
3059,1
3929,1
16872,0
7907,0
10891,1
10112,0
14605,1
5925,1
16106,0
12860,1
12180,0
7901,1
6032,1
12752,1
10398,0
6330,0
15773,0
10330,0
7389,0
9506,1
4714,1
11417,0
1442,1
2892,0
13225,0
10389,0
15624,1
16176,0
1047,0
4172,0
14704,1
14372,1
8069,0
222,0
5496,1
317,0
2823,1
9809,0
1975,1
6295,1
8130,1
2048,0
6488,1
5605,1
6158,1
6454,0
17412,1
6599,1
13898,0
12050,1
10195,0
3879,1
11743,1
16709,0
13770,0
9994,1
15537,0
2233,0
1172,0
6359,1
13025,0
4768,1
12861,0
5820,0
12070,1
6963,1
8015,0
12569,1
7519,0
15230,0
11605,0
17936,0
3549,1
7931,1
10211,0
5132,1
6800,1
3385,1
9202,1
2645,1
5460,1
16734,0
9982,0
10654,1
1632,1
7609,0
17791,0
562,0
3269,0
10769,0
7733,1
6064,1
17099,0
12165,1
6570,1
1977,0
3830,1
11439,0
7729,0
17161,0
11495,0
5782,0
2692,1
492,1
6606,1
3090,1
8051,1
8823,1
4563,1
5826,0
10295,1
4807,0
6051,1
9824,0
9964,0
7380,1
14679,1
17387,1
307,1
10906,0
17200,0
1851,0
6139,1
16628,0
11299,1
9052,1
17695,1
16451,0
11769,1
12713,1
12248,1
11395,1
7099,0
16928,1
10815,1
7578,0
8217,0
14984,1
753,0
10488,1
7841,0
14028,0
9765,1
452,0
1880,1
1205,0
3442,0
4524,1
12549,0
11258,1
1918,1
15004,0
5896,0
9585,0
2612,0
17545,1
3934,1
9460,0
9487,1
9637,0
2844,1
7253,0
6657,0
8491,0
8510,0
952,0
17064,0
2803,1
5077,0
10051,0
16298,0
6341,0
14591,1
11918,0
6004,1
9579,0
14731,1
2172,1
7800,0
11502,1
40,1
5885,0
4696,1
17248,1
1569,1
6161,0
7224,1
5549,0
10231,0
4630,1
6118,1
7567,0
17159,1
16746,1
15871,1
7023,0
16237,0
14341,0
10736,1
3845,0
6712,0
2659,0
14581,0
8997,1
273,0
2250,0
17338,1
8253,1
7725,1
9313,1
4844,1
5757,1
4573,1
7302,1
5388,1
3321,0
17945,1
802,0
16138,1
6565,0
10605,1
12399,0
11581,1
5591,0
15601,0
3049,1
17390,1
15963,0
8335,1
600,0
6060,1
10282,1
6006,1
2396,1
3001,1
12313,1
13475,0
11869,0
6224,0
15397,1
15740,1
17748,0
15892,0
10463,0
15036,1
969,0
7011,0
6944,1
5857,1
13927,1
4235,1
15433,0
16868,1
3755,1
17019,1
12008,0
3876,1
3417,0
16360,1
4289,1
8716,0
7695,0
6555,0
16653,0
9915,0
8340,1
9013,0
6405,1
16300,0
16169,0
13407,1
15379,0
16769,0
9441,0
7485,0
13957,0
6214,1
221,0
11090,1
4016,0
2680,0
1926,1
11864,1
8378,0
14176,0
2160,1
16163,0
9865,1
14133,1
206,1
14325,1
15,0
7632,0
12645,0
1291,1
9132,1
10622,1
3232,1
1923,1
15030,1
10285,0
16910,0
15132,0
10535,1
16375,1
7330,0
2550,0
11941,1
12315,1
14983,1
11614,0
6869,1
13974,1
8152,0
5167,0
9287,0
7687,1
4589,0
318,1
14408,0
17685,1
8860,0
11661,0
13454,1
5852,0
1757,1
7135,0
4279,1
5036,0
6105,1
10053,0
17938,0
15417,0
6862,0
15840,1
12888,1
9319,1
4228,0
15274,1
12680,0
14930,0
2771,0
5257,0
16432,1
17102,1
2942,1
13872,0
9450,0
11615,1
3151,0
837,0
14367,1
8583,0
8065,0
17350,0
13555,1
8710,1
4823,0
3406,0
15352,0
12304,0
17808,0
2586,0
15912,1
5624,0
5032,0
256,1
9896,0
16662,0
16526,0
2921,1
3783,1
4891,1
14795,0
1032,1
5711,0
12997,1
16603,1
10054,1
28,0
12448,1
16027,1
11156,0
2808,1
6822,1
10628,1
27,1
10136,0
3742,0
16145,1
6778,0
1097,0
6633,0
1909,1
6377,0
1160,0
2964,0
4445,1
11194,1
354,0
505,1
14882,0
4535,0
5184,0
10937,0
10754,0
13771,1
12942,0
12825,0
14618,1
9410,0
9971,1
7874,1
3603,0
367,0
13287,1
1412,1
8114,0
175,0
5569,0
4739,1
2869,0
10586,0
12236,0
6482,1
4004,1
6221,0
7388,1
3774,0
1800,1
12737,0
17333,0
15522,1
1133,1
7936,1
997,1
6487,1
6829,0
15368,1
3885,1
10507,0
8107,1
2590,1
2265,0
16255,0
1712,0
16554,1
8545,0
1892,0
12198,0
7478,1
91,0
15253,1
15859,0
263,0
11767,0
14398,1
17669,1
1904,1
8431,0
5104,1
14889,0
16975,0
11686,1
1041,1
15455,1
12271,1
6170,0
5707,0
16690,1
1474,1
16972,0
17582,0
1308,0
10669,0
6583,0
13420,0
7355,0
4110,0
425,0
9030,0
3489,0
2790,0
13223,1
14743,1
216,0
6812,1
6388,1
356,1
16334,0
13933,1
4040,1
7826,1
9851,1
9854,0
17150,0
13882,1
15721,1
17491,0
3973,1
13537,0
2807,0
14089,1
1153,1
8405,1
4835,1
5369,0
3364,0
10249,0
6225,0
3725,0
9677,0
1915,1
11926,0
17267,1
401,0
13569,0
6986,0
10683,0
7271,0
12541,1
1090,0
17275,1
6764,1
2910,0
8587,0
2930,0
10265,0
17362,1
11665,0
821,1
8540,0
15103,0
450,1
1129,1
12288,1
14856,0
13289,1
276,1
603,1
5483,1
6215,0
3950,1
13106,1
16682,0
14963,0
12610,0
3248,0
17762,1
3455,0
8836,0
6287,1
10178,0
16548,1
13358,0
8027,0
13096,0
11544,1
5301,0
9941,1
1491,0
575,1
2359,0
935,1
12612,0
15416,1
15186,1
12295,0
1418,1
13887,1
14361,0
9385,1
8385,1
5561,1
11431,1
17490,0
10464,1
8273,1
314,1
6967,0
2739,0
3106,1
1795,0
5535,1
8513,0
12439,0
1175,0
14131,0
6676,0
11956,0
4432,0
8609,1
14447,1
15271,1
6685,0
13656,1
16421,1
9966,1
12592,0
10037,1
11113,0
15733,0
232,1
15360,1
11657,1
14282,1
14917,1
3281,1
10348,1
7344,1
13043,1
2,0
16961,0
12267,0
10309,0
6065,1
2832,0
12429,1
3841,1
1613,1
8509,0
2435,0
6824,0
211,1
9759,1
6416,1
16120,0
13550,0
8471,1
9622,1
7570,1
17289,1
1453,1
4312,1
12702,0
4853,0
3756,1
1005,0
16204,0
831,0
17782,1
11493,0
6371,1
3617,0
8224,1
10452,0
12124,0
16419,0
6853,0
13193,1
7662,1
9082,0
11871,0
5470,0
7930,0
63,1
8570,1
2777,1
17863,0
17391,0
17388,0
13397,0
16343,1
17635,1
7257,1
3267,0
16015,0
15240,0
16219,1
10762,1
570,0
15301,0
5397,0
691,1
16798,0
9864,1
16650,0
10266,1
14395,1
13400,0
10081,1
5344,0
13007,1
3799,1
430,0
1,0
4210,0
3244,1
4979,0
14576,0
13718,0
13222,0
9736,1
3104,1
6788,1
12408,1
7855,1
13588,1
166,1
14056,0
2935,0
7139,0
15236,0
17920,1
9065,0
12171,0
2065,0
10897,0
16351,1
1978,0
2051,1
12905,0
10748,1
5461,1
6282,0
13871,0
13730,1
10641,1
3361,0
8556,1
16572,1
15894,1
13549,1
14425,0
10079,0
10970,1
9177,1
10810,0
16389,0
15277,1
11488,1
13674,1
4841,0
17535,1
10588,1
14778,1
7144,1
10098,0
14011,0
9707,1
10746,1
9372,0
16158,0
13873,1
13645,1
6562,1
12571,0
8647,1
7654,0
13317,0
12176,1
11343,1
3988,1
11797,0
5913,1
12441,1
5891,0
8822,1
16222,1
1293,0
10798,1
2009,0
13710,0
8410,0
223,0
16225,1
11018,1
1074,1
14906,0
3909,1
3007,1
9544,0
13490,1
4599,0
9355,0
12947,0
5551,1
7492,0
16143,1
16964,0
2224,1
10761,1
9704,1
2672,0
13501,1
14073,0
2840,0
1259,1
15441,0
14016,0
16304,0
9804,1
6620,0
1597,1
1476,1
11899,0
6183,0
8334,1
1275,0
7750,1
16651,1
9638,1
4321,0
1093,1
1181,0
11084,0
1556,1
9748,1
10489,0
1936,1
13956,0
4113,0
12957,1
9921,0
233,1
4497,0
2237,1
7134,0
2310,1
11548,0
2885,1
13839,1
5687,1
8164,0
13568,0
6749,0
17703,0
12976,0
6384,0
14289,0
8094,0
7493,0
17247,0
5991,0
3851,1
15024,1
7490,1
4373,1
17689,0
14300,1
8291,1
9072,1
17376,0
17606,0
9542,1
5081,0
2941,1
13484,1
13061,1
14227,1
4125,1
4698,0
12898,0
8336,0
2831,0
369,1
3744,1
7104,0
9354,0
1541,1
7155,1
3205,1
6297,0
9015,1
468,0
7361,1
10540,1
11211,1
16373,1
15564,1
12851,1
4448,1
4923,1
1616,1
3933,0
2489,1
15362,1
7130,0
9130,0
17602,1
10714,1
10880,1
1415,0
6717,1
9769,0
11916,1
1581,1
15545,1
5456,1
14049,1
15315,0
3704,1
11732,0
5255,0
11685,1
16152,0
2695,0
17193,1
11981,1
16648,0
624,1
8316,1
14623,1
6692,0
7824,1
12858,0
15167,0
15404,0
1774,1
5741,0
9706,1
12740,1
15513,0
17446,1
12146,1
14381,1
7636,1
3191,1
3173,1
12597,1
15937,0
10150,0
265,1
17012,0
16911,0
4751,0
9811,0
4525,0
11305,0
12028,0
2373,1
6213,0
10322,0
9671,1
3626,1
16786,0
5136,1
5876,0
1199,0
1196,0
13892,0
15135,1
10325,1
8147,0
6436,1
2704,0
4975,1
14377,0
3466,1
5345,0
2367,1
15602,1
16116,0
3867,1
3770,1
6327,0
1211,1
3496,0
1404,0
14358,0
16797,0
10283,1
10702,0
4538,0
2370,0
12827,1
596,1
8226,0
6316,1
12972,1
8045,1
13175,1
16257,0
4122,0
10660,1
1527,0
13526,0
2457,0
2977,1
3027,0
2353,1
17366,1
13408,0
2750,0
15518,1
3,1
6753,1
7187,1
7191,0
11072,0
6254,0
7222,1
16242,0
13504,0
2424,1
65,0
2816,1
7671,1
6455,1
7457,1
14229,1
12920,1
5848,0
4584,0
12375,0
12908,1
8841,1
4750,0
15068,1
17098,1
3276,0
4229,0
5406,0
9267,0
11727,0
6663,1
1484,0
14076,0
6255,1
16308,1
15325,0
16529,0
4241,0
8774,1
4600,0
5046,0
13296,0
406,0
6698,1
11321,1
12136,1
7627,1
8867,1
3256,1
16245,1
9664,1
1425,0
15205,1
4931,0
16916,1
6997,0
6099,1
14777,1
14393,0
6711,1
11429,0
1866,1
12062,0
7718,0
11634,0
14394,0
6409,0
12806,1
7881,0
7700,1
8049,0
13252,0
761,0
9844,0
7663,0
7523,1
14280,0
10817,1
14905,1
15580,1
12300,1
2485,1
2017,0
6573,0
2296,0
10914,0
943,1
15698,1
3342,1
9533,1
1871,1
3352,1
7982,0
3110,1
184,1
7031,1
13905,1
2334,1
17843,0
1519,0
6448,0
12371,1
16146,1
13345,0
2452,1
7053,1
11925,0
10087,1
2623,0
12224,1
7747,0
5131,1
11463,1
7198,0
11041,1
14852,0
7154,0
17135,1
15293,0
2383,0
14188,0
4805,1
2090,0
4198,0
17795,0
12789,1
11535,1
16995,0
2290,0
8496,0
6402,0
16310,0
12698,0
5568,0
8758,0
1170,1
5277,1
6863,0
11125,1
7486,0
8676,0
900,1
4936,1
2709,1
2179,1
8755,0
16218,0
16265,0
12970,1
12104,0
5468,1
2006,1
2525,0
15876,1
13189,1
4267,1
13662,0
13488,1
11776,0
12760,1
9005,0
11716,0
7038,0
5698,0
8285,0
16068,0
16902,0
2436,0
747,1
9584,1
16305,1
15136,1
11302,1
74,1
436,0
3190,0
10268,1
15897,0
609,0
1976,0
10939,1
3811,1
14515,1
6345,1
11603,1
13598,0
17305,1
9120,0
5443,1
9829,0
17278,0
3805,1
12948,0
6308,0
7411,1
10667,0
1694,0
2317,0
1797,0
5127,0
9451,0
13231,1
16841,1
3171,0
9793,1
2415,1
9861,0
6192,0
1727,1
2643,0
8323,1
1037,0
5302,1
8601,0
9340,1
13819,0
7516,1
2298,0
12006,0
89,1
4395,0
10719,1
3570,0
15358,0
17128,1
13502,0
17858,0
2081,1
11829,1
16153,1
4382,1
12475,0
3117,0
8347,1
183,1
7055,0
10410,0
6996,1
6077,0
1770,1
13918,0
11887,1
10961,1
254,0
10067,1
5144,0
16295,1
6884,1
11068,1
11466,0
8709,1
13959,0
8905,1
17223,0
2076,1
1249,1
7568,0
15407,1
8976,1
16869,0
14676,1
7660,1
16293,0
8035,1
12314,1
4699,1
11900,0
13379,1
953,1
1603,1
17686,0
15572,1
2209,0
17262,0
13640,1
3277,0
10593,1
9353,1
14530,1
1228,0
7854,0
4801,0
4162,1
14934,0
13261,0
6055,0
11413,1
14202,1
16654,0
17116,0
16306,1
3616,1
13814,0
14064,0
7280,1
8604,1
9234,1
4145,0
4652,1
2177,0
8472,1
15309,1
4008,1
14859,1
13330,1
14220,0
14787,0
7634,0
14058,0
4151,0
11704,0
13941,0
12929,1
7110,1
10072,0
9255,0
2870,1
15188,0
9764,1
5643,1
7200,1
8989,1
11126,1
9250,1
6226,1
3255,0
5987,1
8016,0
130,0
3446,1
13006,0
620,1
16793,1
11097,0
6602,1
305,1
11507,0
13612,0
5420,1
341,1
12803,1
16816,1
6802,0
2607,1
6210,0
15465,1
15570,1
6089,0
906,1
16134,0
13847,0
5037,1
4687,0
13203,0
1050,1
11295,0
15512,1
10789,0
2020,1
7835,1
4871,0
14522,0
598,1
16604,1
12310,0
9024,0
8233,0
12619,0
3925,0
14297,0
2829,0
8257,1
12426,0
9113,0
13486,0
10055,0
17160,1
6968,0
17838,0
6395,0
8967,0
8460,0
8221,1
10585,0
12712,0
17957,0
6220,0
2768,1
14967,1
16315,0
3215,1
11656,1
11964,0
526,1
17714,1
14521,0
14820,1
10149,1
2041,1
7072,0
4707,0
9752,0
8105,0
12798,0
10218,0
11225,1
3562,1
16131,1
7572,1
1758,1
640,0
13418,0
3939,0
12649,0
10767,1
13091,0
15688,0
5902,0
236,0
12438,0
1121,0
331,1
15350,1
16186,1
15159,0
15687,0
3679,0
15669,0
6880,1
1582,0
2552,1
1602,0
2519,1
12520,0
12393,0
2344,1
12529,0
3476,0
9709,1
12034,1
11708,1
2129,0
3170,1
4577,1
17663,0
7878,0
10818,0
15593,0
1622,1
14754,0
11376,1
8275,0
2720,1
13921,1
16182,1
7022,0
9346,1
8802,0
10120,1
9990,1
15769,0
11670,0
8910,1
4265,1
10089,0
3643,1
4461,0
4530,0
14617,1
16633,1
9727,1
5916,0
2599,0
5335,0
9414,1
2058,0
4271,0
15427,1
8824,1
8712,0
10757,0
16621,1
1357,1
3134,1
8707,1
6125,0
15461,0
6279,0
4603,0
14332,0
7160,1
337,1
8371,1
6594,1
9991,0
266,0
847,1
10786,1
11437,0
12807,1
2411,0
16266,1
9597,0
3260,1
14506,0
10716,0
12088,1
2220,0
17336,1
13459,1
12655,0
17222,0
1011,0
17836,1
14061,1
1676,0
14206,1
12045,1
1813,1
13372,0
4572,1
16622,0
12994,0
4355,0
9124,0
2785,1
3145,0
4150,1
9953,0
13114,1
13141,1
15689,1
8026,1
1952,0
8765,1
8013,0
6253,1
2629,1
12582,1
7642,0
15582,1
2426,0
8429,1
9782,1
2046,1
6780,0
11739,0
15874,0
15100,1
1641,1
612,0
7378,1
6659,0
6877,1
11809,0
6062,1
4310,1
4740,0
13394,1
11703,0
725,1
16606,1
428,0
15711,1
156,1
7467,0
16081,0
6938,0
1708,0
1853,0
12874,1
4655,0
2783,1
11849,1
5135,0
9825,1
15449,0
3858,0
7758,1
10326,1
1730,0
9462,1
17555,1
3187,1
1428,0
8732,1
1747,0
5637,0
12256,0
3526,1
5437,0
5298,0
320,0
13840,1
3765,0
9203,1
3812,1
3003,0
10327,1
280,0
1417,0
12076,0
13788,0
10261,1
15677,0
9468,0
14534,1
3735,1
3768,0
7593,0
17054,1
1544,1
10579,1
15048,0
12206,0
9265,0
7616,1
9034,0
2825,0
14054,1
13107,1
3843,0
13806,0
5963,1
8076,0
6281,1
16735,1
4852,0
2939,0
16130,0
6087,0
16260,0
11007,1
17696,0
15686,1
15353,0
3567,0
170,1
2458,1
17729,0
16495,0
5265,0
2002,0
1612,1
12559,1
8915,1
14257,0
15257,0
16670,1
7272,0
11885,1
338,0
16016,0
6369,0
12522,1
1762,0
15932,1
1615,1
3435,0
3807,0
8425,1
14567,0
7033,1
5117,1
709,1
5128,1
17092,1
10236,0
4567,1
12949,1
14744,1
1402,0
13029,1
1109,1
856,0
642,1
579,1
12043,1
1350,0
7229,1
2044,0
2793,0
5076,1
17802,0
12185,0
16279,1
14153,0
4896,1
10371,0
12064,1
8608,1
2893,1
14709,0
11505,1
17375,1
14430,0
3607,0
14416,0
11121,1
1989,0
11851,0
3584,1
14832,0
16697,0
2347,1
1463,1
5841,1
16767,0
12855,0
1772,1
10646,0
9934,0
8103,1
16100,1
16807,0
12283,1
7915,0
15757,1
4364,1
637,1
16558,0
10204,0
14649,0
4449,1
10537,1
244,0
13939,0
17003,1
8533,1
10100,0
8464,1
16450,0
6961,1
15283,1
8594,1
17237,0
648,1
9906,1
14240,0
193,0
5828,0
3448,1
1756,0
9001,1
3776,0
16952,0
6995,0
4387,1
17857,1
17481,1
10314,0
6923,0
2968,0
4492,0
17024,1
13194,0
16484,1
10735,0
6024,0
9909,1
3160,1
10695,1
11473,0
9362,0
6419,0
13276,1
13233,0
4495,1
15616,0
12553,0
16729,1
9747,0
16714,1
17881,0
1085,0
368,0
1711,0
16564,1
12725,1
6924,0
11589,1
3580,1
9443,1
3591,0
2077,1
16418,0
5329,1
8270,0
15106,1
17084,0
13739,1
14217,0
13896,1
3621,0
3464,1
16209,0
11487,0
4256,1
2887,0
15147,0
8979,1
5683,0
15681,0
16275,1
16488,0
11911,0
4590,0
4759,1
8544,1
14080,0
10777,0
6150,1
3495,0
3680,1
10803,0
4671,1
6727,0
3030,1
17205,0
304,0
17581,1
12421,0
13059,1
3438,1
3006,1
6366,1
14626,0
189,1
17186,1
8162,0
13867,1
9550,0
14070,1
11416,0
3615,0
15302,1
15546,1
15552,0
245,1
17665,0
13256,0
13655,1
1472,0
1835,0
4924,0
9602,1
14495,0
3804,1
13716,1
10028,0
7227,0
3887,1
8792,0
13576,1
3370,0
321,0
67,1
17373,0
4858,0
13446,0
4499,0
12758,0
4245,1
4388,0
3216,0
4732,1
15482,0
12742,1
666,0
1120,0
7638,0
14855,1
9091,1
15613,0
1393,0
2684,0
16768,0
11742,0
10809,0
4141,0
13765,0
4200,0
12297,0
10510,0
697,0
5451,0
14384,1
7013,1
9266,0
1562,1
5728,0
6669,1
12369,0
3428,1
16707,1
9315,1
14407,0
9753,0
5536,0
13448,1
14109,0
10142,0
2143,0
11492,1
9627,1
57,1
12927,1
3365,0
15724,0
9256,0
16311,0
10621,1
11478,1
1548,0
5854,0
11668,0
6168,0
17955,0
1009,1
13926,0
5672,1
16097,0
6314,1
4059,0
5318,0
6385,0
11646,1
4397,0
10356,0
12663,0
6467,1
10367,0
115,0
4614,1
15173,0
2899,1
7379,0
4290,0
4716,0
8208,1
4998,1
11985,0
3545,0
13850,0
875,0
1903,1
15084,1
5949,1
12688,1
9144,1
2718,1
13543,1
604,0
12917,1
708,1
16838,0
7008,0
3665,0
8218,0
13917,0
13649,1
7214,1
350,0
9873,0
10727,0
9438,0
1480,0
8870,1
10616,1
2440,0
7462,0
6868,1
16426,0
13878,1
13778,1
4082,1
17297,0
8589,1
8742,1
13472,1
17196,1
8881,0
1518,1
3789,1
6668,1
16537,1
3318,0
8785,0
8188,0
8890,0
1653,0
9781,0
7773,0
12356,1
6564,0
9695,0
7291,1
9466,0
10293,0
15091,1
7087,0
11997,1
12682,1
5232,1
10443,0
17688,0
6709,1
2278,1
2464,1
7705,0
15942,0
1305,0
17716,1
16888,0
9006,1
17912,0
2467,0
4177,1
5525,0
16258,0
15439,1
5509,0
6000,0
14238,0
6549,0
14602,0
5238,0
4626,1
7771,0
17330,1
2738,1
1954,0
3631,1
13273,0
13467,1
5410,1
5319,1
704,0
3065,1
17739,1
3935,0
14074,1
12000,0
7521,0
11055,1
6050,1
12679,0
14462,1
5303,0
551,0
2109,0
16675,0
3632,0
12708,0
5942,0
1677,0
13619,0
14809,1
5447,1
4519,0
15359,0
3402,1
17949,1
8246,0
9376,1
17894,1
17296,1
4401,0
9471,1
16632,1
9424,0
3594,0
9241,0
1289,1
3403,1
639,1
17771,1
549,1
9502,0
3140,0
17772,0
652,0
10634,0
12969,0
4779,0
8704,1
1459,1
11005,1
3431,0
10390,1
4186,0
134,0
9115,0
7926,0
7885,1
12831,1
3788,1
4083,0
2289,0
9937,1
13760,1
16859,1
6348,0
13772,1
14105,1
11028,1
8339,0
547,1
15224,0
122,1
11280,1
3664,1
3778,1
8883,0
10572,0
9163,1
5166,1
7541,0
8514,0
7407,1
1950,0
8856,1
8160,1
613,1
14814,1
5205,0
6009,1
5113,1
11751,0
6895,0
1957,1
11379,0
8181,0
3322,1
147,0
6886,1
15558,1
3503,1
16122,1
8728,0
13545,1
14167,1
8060,1
5567,0
6271,1
13122,1
17546,1
3773,0
14017,1
17355,1
4073,0
1311,0
9176,0
17862,1
13426,0
7366,1
3732,0
4453,1
11391,0
1188,0
17014,1
6033,1
14589,0
13163,0
3785,0
7732,1
7002,1
587,1
16061,1
15529,1
17745,1
1478,1
7183,0
5327,1
15521,0
14631,0
3694,1
8099,1
2258,1
16762,0
12561,0
11067,0
13070,1
4149,0
4868,0
2967,0
5297,1
12930,1
15409,0
1099,0
9863,1
4060,1
11779,0
13279,0
11106,1
3539,1
1832,0
9661,1
2522,0
8639,1
3593,1
11982,1
9761,1
7912,0
1820,1
10569,0
8630,1
16556,0
10429,0
16790,0
5538,1
12454,1
1881,1
6691,1
11093,1
8194,0
14904,0
9114,0
9489,0
10927,0
7414,0
11228,0
5922,0
6442,0
11644,0
5671,0
11149,0
7969,0
4407,0
1661,1
5058,0
4451,0
15279,0
14126,0
2904,0
5156,1
4446,1
4928,0
3091,1
2368,0
11042,1
17400,0
14791,0
9927,0
14611,0
4227,0
4055,1
6096,0
5103,0
15468,1
3630,0
14703,1
946,1
738,0
475,0
3430,0
14237,1
8753,0
8002,1
3986,0
8515,0
7091,1
7543,0
3521,0
8025,0
5515,0
7964,1
9673,0
15940,0
6406,1
7137,0
10892,1
15477,0
6228,1
15974,1
12642,1
8404,1
13361,0
10223,0
3319,1
5354,1
13435,0
6714,0
15951,1
13993,0
11664,1
10014,0
11933,0
15835,0
4315,1
2733,1
16196,1
1742,1
15827,1
15935,0
3116,0
7263,0
70,0
5532,0
10353,1
9088,1
14208,1
4527,0
4645,0
7009,0
7064,0
7533,0
17647,0
8930,0
363,1
11530,0
13352,0
10831,0
12082,1
3628,0
4071,0
12337,0
9046,1
15278,0
16246,1
10189,0
2349,1
2742,1
10652,1
1731,1
16989,1
405,0
615,0
17308,0
9817,0
15073,0
15691,1
16439,1
11781,1
13079,0
11624,1
17029,0
11690,1
15621,1
10383,0
9048,0
2915,0
3223,0
13230,1
1754,0
12744,0
69,1
16752,0
16490,1
1183,0
12651,1
14371,0
1304,1
11353,1
3970,1
11753,1
13720,0
12111,0
3066,0
14190,1
2326,1
1663,0
5904,0
17085,0
4615,0
14897,0
135,0
8738,0
880,1
16107,0
11983,0
6393,0
152,1
120,0
16055,1
16459,0
12189,1
3373,0
13069,1
12630,0
16800,0
7789,1
9154,1
6925,0
12985,0
13376,0
11377,1
11021,1
6953,1
16806,0
1018,1
14024,0
17781,0
14539,1
13213,0
11592,0
4851,0
13064,1
16803,1
15415,0
16608,1
3620,1
6034,1
9568,0
13266,1
4799,0
3582,0
12954,0
2578,0
17712,1
4287,1
2897,0
17755,1
9628,0
1477,1
1163,1
138,1
17026,1
4248,1
9459,0
10592,0
9195,1
11747,0
2274,1
14001,1
2268,1
7076,0
5777,1
15453,0
3469,1
15670,1
2631,1
17604,0
14723,0
9872,0
14211,1
13784,0
11523,0
3317,0
5412,1
13605,1
8990,1
14742,1
2952,1
1006,1
4623,1
13177,0
4020,1
2604,1
5693,0
6639,0
11061,0
3356,1
3635,1
15647,1
4280,0
13337,0
11503,1
2538,1
12245,1
3904,1
10747,0
10077,0
10884,1
16050,0
6133,0
12386,1
9961,0
4337,0
8,0
16117,1
12464,1
12131,1
560,0
4206,1
3823,0
253,1
12322,1
9620,0
8307,1
15531,0
14601,0
10320,1
12433,0
6893,1
8840,1
1859,0
15788,1
1338,0
5555,1
2384,0
16499,0
4225,0
3097,1
16540,1
9187,0
1200,0
10677,0
10420,1
1529,1
828,1
6675,1
13131,0
1444,1
3869,1
17204,1
2198,0
13769,1
5585,0
14183,0
13094,1
16947,0
10671,0
6805,0
1698,0
10435,0
1302,1
2183,0
4092,0
14172,1
3531,0
2004,0
8964,1
7041,1
16527,0
8807,0
10525,0
11281,0
16095,1
15275,0
11025,1
17880,0
3585,1
17017,1
9611,0
16925,1
5342,0
1877,0
17796,0
10949,0
17125,0
15292,0
6353,0
10308,1
11962,1
606,1
6239,0
11382,0
2662,0
4678,1
17298,1
15517,0
6005,0
16193,0
13421,1
3839,0
3687,1
17541,0
11757,0
1765,1
13075,1
17534,1
1745,1
15560,1
13201,1
12286,1
11248,0
6013,0
8828,0
17436,0
4694,0
17448,0
2732,0
2362,0
10952,0
4976,0
9307,0
9788,0
5730,1
11101,0
11200,0
6962,1
12419,1
14265,0
12516,1
3305,1
17417,1
1900,1
13205,0
10339,0
11432,0
4153,0
1071,0
1509,1
6784,0
12051,0
4498,1
17793,1
16582,0
15436,0
4587,0
11223,1
12177,1
14636,0
5171,0
5519,0
14026,0
589,1
390,1
12799,1
10637,1
14195,1
17165,0
8658,0
681,1
4327,0
6905,0
13902,1
13849,0
6101,1
16513,1
6604,0
8848,0
2591,0
3959,1
10823,1
12757,0
12379,0
5306,1
9842,1
1783,0
12763,0
12119,0
1027,1
11671,0
9339,0
14114,0
11549,1
12173,0
2271,1
140,1
9429,1
6117,1
5281,1
1885,0
3410,0
12066,0
10521,0
10750,1
12366,0
1803,0
7260,1
9511,0
3634,1
33,0
16805,0
15829,0
9895,0
7175,1
14412,0
9683,0
6319,0
6779,1
13505,0
8041,1
16518,0
5065,0
17841,0
9445,0
2985,0
525,1
4837,1
7136,1
11420,0
9127,1
16111,0
1209,0
3880,1
12357,1
13409,1
5381,0
12697,1
8398,1
8974,0
15641,1
2601,1
101,0
9016,1
10673,0
15340,1
5145,0
7709,0
11910,0
10412,0
13156,0
17226,1
6023,0
4201,1
11879,1
4593,1
2462,0
11427,0
11972,1
4565,0
14994,0
4398,1
917,0
17860,1
3056,0
6982,0
9027,0
7879,1
15574,1
10176,0
7346,0
182,0
10570,1
9766,0
17538,1
8843,1
5550,0
10975,0
8827,1
39,0
5355,0
16992,0
396,1
219,0
7605,0
16423,0
2303,0
290,0
3671,0
9183,1
7373,1
5907,1
11518,1
7820,1
984,0
4789,1
9233,0
16194,0
16207,0
14122,0
17919,1
17228,1
17645,1
5629,1
7937,1
14807,1
7690,1
12925,0
12869,0
16960,1
4578,1
3842,1
4554,0
12536,1
11316,0
13532,0
17131,1
6300,1
2413,0
4715,1
8560,0
7656,0
15722,1
11403,0
7059,1
14766,1
4576,1
14708,0
17140,0
2320,1
6054,0
2167,1
11497,1
9984,1
15723,1
7832,1
17081,0
13837,0
6288,0
10238,0
17335,0
914,1
3153,1
10400,0
1040,0
13304,1
11099,0
3850,0
4322,1
4748,1
14606,1
16804,1
5009,0
10685,0
15221,1
6053,1
11092,0
1112,0
7306,0
857,1
15460,0
592,1
4057,0
13997,0
6261,0
9629,0
5112,0
14166,0
1431,1
15902,1
15376,1
2766,1
10600,1
11586,1
11959,0
14595,0
10396,1
7985,1
8022,0
9461,0
12391,1
3100,0
15837,1
4960,0
13453,1
1430,1
3434,0
3898,0
7312,0
11451,1
4493,0
6030,1
3650,0
15883,0
5203,0
9955,0
9271,1
16361,1
5804,0
13182,1
376,1
99,1
9356,0
5288,0
10912,0
17873,1
5689,0
5601,0
1361,1
17644,0
2403,1
13224,0
14505,1
9660,1
744,1
790,1
8636,1
7317,1
469,1
12615,0
13302,0
12943,1
2747,1
7036,0
2428,0
3053,1
8648,1
8386,1
10274,1
7612,1
2570,1
8854,0
12411,1
2293,0
11564,0
9150,0
4403,1
701,1
10552,1
1371,0
16113,0
8909,0
8955,0
5856,0
10305,1
467,1
12626,0
6486,0
14364,1
13217,1
3553,0
6444,0
7532,0
15445,0
9989,0
4582,0
10607,0
2442,0
15452,1
17506,0
17112,0
16331,1
199,1
2369,1
11551,0
225,1
13016,1
4543,0
2375,0
6304,1
6864,1
11583,1
13986,0
9867,1
2872,1
8154,0
8172,0
10107,0
5324,0
12837,0
15041,1
13483,1
10026,0
12899,0
13903,1
10509,0
14546,0
14368,0
12906,1
249,1
9025,0
16658,0
9892,0
10630,1
16858,1
12983,1
14829,0
3088,1
13937,1
6165,1
3330,0
10860,0
12534,0
5273,1
5793,0
16460,1
2156,1
9862,1
6462,0
7869,0
6646,0
1492,1
16299,0
7754,1
10886,1
12890,1
13852,1
14724,1
11750,0
13975,1
10726,0
9011,1
13998,0
17463,1
2630,0
12573,0
98,0
5347,1
2461,0
2262,0
11331,0
7547,1
1104,1
144,0
9669,0
1076,1
11852,0
6587,0
117,0
8810,1
8714,0
4101,1
512,1
6432,0
3938,0
14853,0
1928,0
14168,0
16240,0
1764,1
12848,1
2994,0
126,0
10756,1
5061,1
10024,0
14851,0
8503,0
8315,0
9913,1
9631,0
4585,1
6919,1
2332,1
7746,1
11020,0
5472,1
2848,1
1695,1
5600,1
12255,0
8950,0
17889,0
17415,1
1452,1
5579,1
16181,1
2166,1
10332,0
5477,0
14464,1
11537,1
719,0
2726,0
4647,0
13144,1
10264,1
4325,0
16639,1
8526,0
1057,1
12252,1
13906,1
9498,0
1148,0
2083,1
834,0
5249,1
10157,1
5091,1
937,0
11047,1
698,1
11419,0
15718,1
15280,1
16788,1
5100,0
5666,1
4017,1
449,1
7284,0
3008,1
3121,0
2432,1
11389,0
10205,0
14441,1
3074,1
13445,0
11706,1
2641,0
3873,1
11601,1
5926,0
6364,1
2427,0
12201,1
10924,0
9710,1
12676,1
10547,1
11371,1
6999,0
4046,0
2517,0
11134,1
12666,0
6998,1
17002,0
7684,0
7511,0
6166,0
4215,0
3472,0
2855,1
11859,1
17929,1
4950,1
12409,1
6882,1
202,0
17731,1
17719,1
1715,1
16813,1
7066,0
4938,1
13529,1
13085,1
11446,0
16104,0
16924,0
15676,0
7417,1
14044,1
17625,1
3853,1
2917,1
3240,0
2454,0
576,0
14840,0
6807,1
6408,1
9527,0
9721,1
10940,1
2482,0
10262,1
6898,0
2506,1
8124,0
14940,1
16328,0
3699,0
17682,0
10729,0
6092,0
16669,0
11875,0
10835,0
10595,1
8831,0
7120,1
14250,1
8805,0
15630,0
2752,0
12885,1
1457,1
14096,1
14281,0
9169,0
6407,0
5692,0
9333,0
8140,0
4331,1
12292,0
58,0
16019,0
6404,0
5122,0
15973,0
8360,1
7708,0
3459,0
1100,0
11580,0
17931,0
7069,0
1974,1
13863,1
15061,1
2784,0
8656,0
9058,0
6928,1
1111,1
2075,0
15772,0
538,1
13019,1
11754,0
9126,1
14165,0
11116,1
11520,0
7352,0
8261,0
10574,1
7699,0
234,1
3787,1
1713,1
9384,0
15523,0
11826,0
13897,1
8499,1
3114,0
3210,1
7615,0
13375,1
12380,1
4405,1
5580,1
5202,0
7939,1
14423,0
7546,1
7717,0
8820,1
14646,0
5523,1
1760,0
2364,1
14376,1
8591,0
1870,0
17856,0
5325,1
6420,1
8882,1
14902,0
6891,1
8356,1
2345,1
13423,1
11356,1
14800,1
14396,0
584,0
14323,1
13334,1
16576,1
5503,0
4430,1
13987,1
294,0
3564,0
15785,1
12240,1
5448,1
8136,0
8338,1
1601,1
8504,1
5227,0
14099,0
3708,1
17342,1
15705,0
9348,1
9742,0
9379,1
17240,1
5379,0
7242,1
1082,0
10478,1
3875,1
11881,0
10997,1
5806,1
7601,0
3769,0
15438,0
4933,0
14413,0
9374,0
1105,1
11380,1
7436,1
10494,1
12364,0
16491,1
6595,1
10556,1
3700,0
7252,0
9509,1
7328,0
6581,0
8227,1
12402,0
9341,1
6879,0
14938,0
10549,1
16238,0
11734,1
16569,0
14868,0
4402,1
7596,1
6945,0
11447,1
11528,0
3282,0
627,1
12902,1
6029,1
14693,0
16212,1
8943,1
5598,0
12260,1
11453,0
13686,1
8388,0
1781,0
14509,0
4665,0
11203,1
9836,1
10959,1
16895,1
10848,0
2943,1
10760,0
17498,0
7834,1
2555,1
710,1
2528,1
17348,1
5686,1
4261,1
4396,1
12423,0
17732,0
7332,0
10312,0
17168,0
15606,1
16741,0
12079,1
1460,1
4760,1
17741,0
2453,1
7487,1
9952,1
5623,1
9342,1
8030,0
8912,1
7927,0
14784,0
9838,0
12065,0
13633,1
14272,0
16296,1
17234,1
3178,0
717,0
7496,1
2215,0
8301,0
17954,1
11279,0
11173,0
13369,1
13880,0
15281,1
10349,0
1693,0
15754,0
1316,0
965,1
9003,0
7920,1
1992,1
15717,0
3486,0
15780,0
12585,1
17553,1
2165,1
17551,0
14083,0
4243,1
6351,0
11820,0
6992,1
1937,1
10138,1
490,0
15021,0
6465,1
5146,0
11662,0
5160,0
3692,0
16412,1
3152,1
15290,1
6910,0
16589,1
9134,1
7393,1
5701,1
16750,1
14883,1
8113,1
13092,0
441,0
9688,1
17487,1
4703,0
10442,0
14687,0
8771,1
12228,1
9064,1
1590,1
4738,0
7316,0
14334,1
6303,1
17261,0
4895,0
5386,0
15672,0
3048,0
13894,1
11221,0
12023,1
4371,0
8089,1
13161,0
4032,0
10395,1
14692,1
7245,0
9208,1
4087,0
9259,0
16933,0
13758,1
764,0
11135,1
17468,0
5479,1
7357,0
1671,0
15457,0
7147,1
11975,1
9882,0
9614,0
9010,0
4422,0
16943,1
7088,0
3396,1
11992,0
12814,1
11176,0
7320,0
14932,0
7608,1
17317,1
16029,0
2096,1
3096,0
4734,0
86,0
15294,0
13263,1
1690,0
4335,0
536,0
6310,0
14798,1
3362,0
133,1
16627,1
3378,0
5068,1
2227,1
4949,0
22,0
11543,0
17969,0
3555,1
17700,0
14328,0
1301,1
9763,1
13841,1
10459,1
6854,0
10166,0
4323,0
6700,1
11736,0
3454,1
7461,0
8120,1
12361,1
6010,0
10068,1
13434,1
5849,0
6808,1
17034,0
447,1
15967,1
5469,1
10988,1
8447,0
17244,0
567,0
17385,0
896,1
4718,1
1407,0
13133,0
5901,1
3857,0
6959,1
16406,1
1313,1
3168,0
13709,1
9012,1
16302,1
11884,0
8880,0
5269,0
3576,0
14661,1
2613,1
9699,0
8174,1
14273,1
13958,0
1189,0
13666,0
7443,1
14833,1
2054,1
10709,1
5006,1
15904,1
8119,0
1504,1
3864,0
16355,1
17805,1
4930,0
4523,0
947,0
4510,1
17964,0
1315,0
143,1
17052,0
4019,0
11240,1
17951,0
13332,1
1956,1
982,1
1098,0
3278,0
14700,0
7491,0
11878,0
17395,1
17197,1
2318,1
7460,0
5512,0
5408,0
17406,0
5326,0
8797,1
16167,0
8383,0
17360,0
5233,1
10457,1
16269,0
5493,1
10127,0
1743,0
4284,0
9780,1
4081,0
3327,0
11856,0
16043,1
13412,1
5847,1
11786,1
12601,0
1323,1
5680,0
825,0
11341,1
11917,1
16118,1
15766,0
15197,1
13639,0
786,0
2690,0
14449,0
4813,1
8960,1
6153,0
10049,1
7192,1
3574,0
5590,1
799,1
17484,1
4667,1
4345,0
11369,1
15339,0
9078,1
3648,1
4668,0
2459,1
17668,0
4158,1
261,1
3980,0
5745,1
12710,0
13058,0
12613,1
10118,1
5972,0
6746,1
1124,0
7691,0
5095,1
8521,0
8008,1
4362,1
2888,1
7181,1
10844,0
5350,0
4867,1
14499,0
16348,0
489,1
10706,0
14612,0
228,0
5813,1
4778,1
15899,1
4116,1
1995,0
7098,1
4474,1
6512,0
7062,0
5378,1
8891,0
17754,1
13642,1
7197,1
16904,0
12417,0
11812,0
12241,1
13560,0
7984,1
12059,1
1348,1
17680,1
9077,0
2933,1
7449,0
8403,0
484,1
3203,1
6816,1
10355,0
12507,1
11290,0
17710,0
14488,0
8144,0
14320,0
13508,0
5125,0
14869,0
10857,0
12410,0
7510,0
13690,1
767,0
17083,1
3848,1
742,0
5665,1
10515,1
986,0
3273,1
6269,0
16583,0
4529,0
14263,0
180,0
7630,1
17439,1
5450,0
1700,0
13930,0
13178,1
721,0
435,1
4340,0
14557,1
15424,1
12584,0
5017,1
10329,0
11378,0
13791,1
11243,0
888,0
16434,0
14544,0
12818,1
11522,1
16629,1
11876,0
4757,1
9492,0
5391,0
808,1
3954,1
8970,1
10843,1
13790,1
8402,0
14006,1
6525,0
10245,0
15481,1
12527,1
9946,0
1751,0
768,1
4423,0
15985,1
11847,0
15076,0
12212,1
9399,1
14763,0
15789,1
1192,0
15499,0
9512,0
13199,0
12570,0
16333,0
11205,0
15746,1
7106,1
12192,0
13970,0
13708,1
3865,0
13953,1
9395,0
14650,1
6810,1
9419,1
16927,0
15483,0
11594,0
6504,0
5825,0
3492,1
11945,0
3729,0
1963,1
17801,0
9033,1
9200,0
2820,1
12030,0
15196,1
9574,0
6211,1
8571,0
10799,0
17257,1
12811,0
7481,0
9223,1
1481,1
3771,1
1893,0
7412,0
15581,0
17827,1
9069,1
10363,1
14846,0
11102,1
2594,0
5910,0
8726,1
7799,0
9382,1
10816,1
326,1
3315,1
7045,1
11895,0
6245,1
6171,0
9209,1
9185,0
5183,0
7837,0
17717,1
11679,0
6209,1
1141,1
12382,1
9293,1
5800,1
16515,1
4766,0
13081,0
815,0
17379,0
13116,0
325,0
4285,0
5407,1
4091,1
16919,0
5107,1
4103,0
5253,0
5256,1
13028,1
2328,1
12073,0
17679,1
5822,0
7517,1
13725,0
17310,0
3209,0
17774,1
7424,0
17822,1
10684,1
9920,1
9166,0
14467,0
11906,0
16545,0
10506,1
8664,1
11212,0
9145,0
2113,1
1678,1
5765,0
9734,0
9930,1
14915,1
7668,0
5372,0
8127,1
8332,1
14972,0
10703,1
82,0
6632,0
16325,1
4226,0
11311,0
9805,0
14498,1
11450,1
7745,0
6546,1
1794,0
13691,0
16918,1
12671,0
8657,1
4283,0
3822,0
5650,1
17319,1
15981,0
13527,1
7071,1
15371,1
4048,0
3334,1
13313,1
5047,1
3019,0
4063,0
1624,0
12903,1
3182,0
10134,1
15893,0
4656,1
5558,0
13636,0
6667,0
6813,1
4009,0
10966,0
8406,1
9525,1
16914,0
17036,0
13940,0
14337,1
246,1
11153,1
5473,0
11286,0
6417,0
2765,0
14603,0
4773,0
7235,0
306,0
13627,0
7101,0
15431,1
14232,0
12467,0
16026,0
3659,0
5237,1
14574,0
1585,1
13698,1
13425,0
460,1
15128,1
16635,1
13030,1
15633,0
898,1
12130,0
13646,1
16164,0
14780,0
12374,1
5937,1
9251,1
6098,0
4736,0
644,0
10474,0
7166,1
11966,1
12120,0
5737,0
11763,1
14405,1
933,0
993,0
14943,0
13221,1
5641,0
15868,0
6608,1
16364,0
12289,0
6762,0
3652,1
4822,1
13147,1
2926,1
8718,1
7168,1
15020,1
1714,0
17788,0
1960,0
10888,0
11035,0
11527,0
3686,0
5401,0
6580,0
4898,0
1532,1
8441,0
14662,1
7539,1
12787,0
8837,0
9021,1
11834,1
1176,0
5073,1
2906,1
6916,1
17183,0
9856,1
6519,1
5275,1
16845,0
14331,0
15491,1
408,0
15402,1
607,0
17573,1
3311,0
9720,1
9412,1
1852,1
8685,1
11462,0
2011,1
4486,0
16179,0
14451,1
12037,0
8052,0
398,1
10969,0
13626,1
1710,0
6947,1
9482,1
14191,0
16140,0
4330,0
4240,1
5612,1
1699,1
6431,0
11798,0
8799,0
15094,1
88,0
6775,0
13916,0
6468,0
6796,1
14845,1
8370,1
13310,1
4308,0
399,0
11617,0
15649,0
15317,0
16166,0
14512,0
4764,0
1549,1
9332,0
8183,1
7581,0
12753,1
12097,1
12714,0
2152,0
16039,1
15640,1
5581,0
15947,0
11410,1
8624,1
10972,1
4079,1
16289,0
12512,0
2035,1
7794,1
13604,1
1584,1
1007,1
7810,1
4609,0
971,1
1567,1
10476,1
370,0
14682,0
4948,1
35,1
11120,0
1528,1
1140,1
10613,1
13129,0
6031,0
5939,0
15042,1
14974,1
17952,0
12155,1
879,0
9578,1
11012,1
12636,1
11909,1
1210,0
11619,0
17918,0
11143,0
16256,0
10563,0
4597,0
6007,1
1739,1
11641,1
6335,1
2409,0
7770,1
13952,1
13048,0
2620,1
14965,1
14877,0
5900,0
7617,0
2204,1
5149,0
4156,1
11026,1
1087,1
4878,1
9610,1
17065,0
12555,1
332,1
5312,1
4689,0
14755,0
4174,0
12362,0
7383,0
1962,0
15744,1
6429,0
6173,1
4784,0
2754,0
15348,0
4536,1
16065,1
2675,0
11607,0
12246,0
14301,0
17307,1
13613,0
15385,0
14529,0
995,1
13567,0
13125,1
1447,0
13693,1
13073,0
13962,1
4818,0
974,0
17661,0
4570,1
1791,0
14678,0
14141,1
15051,0
10297,1
8743,0
11158,1
4951,0
11166,0
9940,0
11579,1
3037,0
17187,1
2780,1
2417,1
6948,0
7085,1
13404,1
17648,0
11950,0
11459,0
667,0
16098,0
6855,0
2860,0
6926,0
3809,0
4378,1
15765,0
12900,0
2324,1
1500,1
8600,1
10209,0
3474,0
2970,0
13910,1
3159,0
12227,0
4939,1
975,0
7903,0
2229,0
11415,1
4418,0
5366,1
12862,0
908,1
12078,1
12154,1
15110,0
6202,0
14759,1
10061,0
17295,1
9552,1
4236,0
10117,0
14142,1
12533,1
488,0
2063,1
15242,1
4796,1
8319,0
11947,0
3071,1
5799,0
14274,0
9702,1
12321,1
4557,0
14722,0
13687,0
5280,0
8842,1
12691,1
9051,0
9373,1
13197,1
10922,0
11905,0
11486,0
7375,0
11367,1
1069,1
4013,0
8295,0
16699,1
10479,0
13120,1
16073,0
2157,1
517,0
13111,1
4173,0
17619,1
8304,0
9465,0
11846,0
15825,0
17177,0
15693,1
352,1
1185,1
8379,1
10738,0
16366,1
14308,1
16479,1
17166,0
14399,1
5545,1
4120,1
38,0
15058,1
15921,0
1571,0
12437,1
15040,1
7756,0
4848,1
17897,1
16751,0
5837,0
13384,0
3195,0
11418,0
7730,0
6365,0
6890,1
1307,0
13034,1
7711,1
5217,1
683,1
14476,1
13032,1
2683,0
7641,1
2640,0
4506,1
7237,1
5649,0
12473,1
10065,0
9776,0
15583,1
8892,1
12602,0
4802,1
16505,0
2951,1
10752,1
11722,1
8170,1
14439,1
9874,0
16637,0
343,0
8516,1
7563,1
7057,0
671,1
11114,1
7701,1
4711,0
10610,0
1420,1
6217,1
4879,1
3130,1
11768,0
3983,0
5882,0
8443,0
2022,0
10619,1
14143,1
9519,1
5039,0
13153,1
2161,0
8864,0
16753,1
8396,1
1914,1
6160,1
8235,0
7589,1
3859,0
6515,0
926,0
15252,0
15170,1
15834,1
1860,0
14624,0
7061,1
16208,0
1084,0
12738,0
2894,1
15044,1
13516,1
11083,0
12539,1
6379,1
9524,0
13294,0
11969,1
205,0
6728,1
16854,1
4360,0
4728,1
7906,0
110,1
3993,0
16852,1
15328,0
8299,0
17115,0
16774,1
12668,0
2016,0
7419,1
213,1
15562,0
11056,1
3524,1
4907,0
2849,0
4618,0
10084,1
16586,1
12157,1
2532,0
1550,0
16024,1
6584,1
9125,1
931,0
7360,0
13983,0
1643,0
2223,0
2674,0
4507,1
13729,0
12792,0
14130,1
11467,1
201,1
12363,1
15160,0
7666,1
10687,1
1471,0
4516,1
13518,1
4052,0
16023,1
4389,1
1683,0
13377,0
7094,1
7046,1
10771,0
3098,1
1368,1
1464,1
336,0
16354,0
7898,0
1777,0
15556,1
15794,0
17423,0
8833,0
5704,0
2241,0
938,0
11366,1
15033,1
6203,0
10954,0
10900,1
16808,0
15559,0
14979,1
7102,1
11471,1
13680,0
9981,0
2782,1
10139,0
2352,0
4803,1
17500,1
10985,0
12686,0
7597,1
2597,0
10548,1
2470,1
7960,1
2697,0
17089,0
6686,1
14373,1
9273,0
5247,1
3923,0
9514,1
6196,1
2835,0
9881,0
2668,1
4650,0
3758,1
10871,1
13311,1
5413,1
16387,0
10530,0
15150,1
5387,1
4701,1
6423,0
13226,1
7327,1
15126,1
5481,0
2504,0
7107,0
12551,1
8343,0
4307,1
5173,0
872,0
1123,0
8325,1
12476,1
5696,1
10152,0
17035,0
14375,1
7295,0
15866,0
1263,1
10620,1
11118,1
15414,0
384,1
1531,1
15129,1
2745,0
14696,0
15389,0
7084,0
146,1
68,0
5746,1
15220,1
1878,0
8744,1
13386,0
5053,0
14914,0
17134,0
6554,1
9493,0
5676,1
14383,0
12010,0
9754,1
5018,0
14937,1
1366,1
15759,1
2297,1
15321,0
15903,1
3749,1
1155,0
2247,1
7479,0
8768,0
16187,0
9910,0
6894,0
9211,1
9165,0
5485,1
11303,0
1949,0
12868,0
12383,0
4706,1
792,1
11144,1
17447,1
845,1
14715,1
4455,0
10504,0
10354,0
4509,0
12852,0
8278,0
9954,1
491,1
8931,0
7571,1
14638,0
2047,1
3235,0
14362,1
841,1
13051,0
15977,1
9257,1
1768,1
17015,0
5430,0
1139,1
6827,1
13139,1
9119,0
10272,1
13039,1
15229,0
14128,1
6441,0
2797,0
9653,0
13701,1
5984,0
13286,1
2911,1
3543,0
10718,1
5317,1
13995,1
8461,0
9603,1
12238,0
13004,1
7118,0
13563,1
1906,0
16840,1
15849,1
15775,1
11930,0
6840,1
9140,0
6112,1
2203,0
17304,0
15734,1
9116,1
8650,0
4596,0
6741,1
2688,0
16998,1
1979,0
3596,0
916,0
530,1
7173,1
6710,1
11506,1
12979,0
11700,0
9470,1
2329,1
11882,1
5151,0
15495,0
9686,0
10866,1
13428,1
6070,1
9894,0
5118,1
8809,0
1284,1
8531,0
4394,1
1573,1
17673,0
2150,1
1251,0
6610,1
10976,0
5626,0
1489,1
16313,0
17097,0
1510,1
15235,1
16969,1
12262,0
818,1
9730,1
1872,0
8923,1
17354,0
8687,0
6985,1
8132,1
11890,1
5851,0
16465,0
9517,1
7418,1
6612,1
8193,1
8064,0
15704,0
6510,0
1811,1
6372,0
2635,1
12754,0
12462,1
2000,0
8202,0
14511,0
12883,0
1241,0
15508,1
13653,0
4015,1
10449,0
10938,0
12492,0
13457,0
13363,1
12548,0
10682,0
11620,1
6491,0
3163,0
5159,0
13150,1
10085,0
14093,0
13383,1
2372,0
5178,1
14184,0
4785,0
1982,1
6885,0
7867,0
8596,1
9998,1
361,0
4096,0
1219,0
14727,0
11514,1
12495,0
15434,0
14955,1
7831,1
15872,0
10070,1
357,0
16202,1
6619,0
15983,0
15313,0
12518,0
16480,1
7037,0
15139,1
1341,1
11596,0
9558,1
1792,0
5912,0
7913,1
728,0
7766,1
3413,0
11892,0
17111,1
12846,0
7287,0
12223,0
1763,0
7875,0
7891,0
658,1
4997,1
3109,0
5465,1
7315,0
13042,0
14640,1
12387,0
1195,0
8708,0
1260,0
16702,0
1946,0
9189,1
4646,1
15469,1
8485,1
17579,0
1414,1
550,0
3031,0
16077,0
6267,0
14779,1
4635,1
10775,1
17652,1
5051,0
12967,1
727,0
5079,0
7792,0
4957,1
14826,0
1837,1
15525,1
6152,0
4708,0
13356,0
13582,0
5962,1
9142,1
6107,0
16365,1
6569,1
3958,0
7109,1
16475,0
4866,0
2798,0
5028,1
16791,1
1720,0
6294,1
6357,0
8428,1
15625,0
8617,0
10580,0
9589,0
4840,1
4027,1
17022,0
16249,1
13000,0
14655,0
2276,0
12514,0
11146,1
10466,1
8919,0
15644,1
591,0
7048,1
16674,0
14481,1
6592,0
17093,1
10943,0
14186,0
6826,1
2863,0
8477,0
1576,1
377,1
1065,1
13396,0
8940,0
13365,1
5092,0
7435,1
9328,1
11705,0
17810,1
2923,0
15696,1
14406,0
7494,0
4035,0
3942,1
7607,0
11635,1
15851,0
10495,0
5013,0
15034,1
1547,1
11609,0
10558,1
4870,1
13779,1
11613,1
15577,0
17032,1
17721,0
968,1
9213,1
208,0
17220,0
7129,1
14823,0
7896,0
5954,0
9839,0
5513,1
787,0
6576,1
10606,1
5809,0
7247,0
11711,1
1828,0
13312,0
2008,0
9230,0
17120,1
11993,0
3684,0
13104,0
4183,0
4810,1
8028,0
10921,1
14548,0
1638,1
13179,0
17483,0
1749,1
10689,0
5723,1
3192,0
13398,0
1675,1
1405,0
12401,1
5646,1
9731,0
15209,1
6346,0
8917,1
7054,0
2647,1
5905,1
14307,0
2342,1
7303,0
7957,0
496,0
9111,0
11184,1
5808,0
13395,1
7761,0
16856,1
5207,0
15823,1
3731,0
3018,0
17407,1
10740,0
9561,0
15863,1
12616,1
1446,0
11575,1
12735,1
17868,0
11853,1
15714,1
12565,1
5346,1
7587,1
6045,0
17497,0
13919,0
10208,1
14608,1
16896,0
15258,1
16173,1
11695,1
9959,1
11813,0
12005,0
15395,1
11877,1
15749,0
6014,0
6067,0
2533,0
1329,0
5371,1
2516,0
16352,0
13353,1
15964,0
9217,1
12261,0
7905,1
6860,1
13606,0
6315,0
3445,1
6140,0
13322,1
9084,1
12813,1
17725,1
12690,1
10589,0
5923,0
16909,1
4011,0
1951,0
2030,1
15913,0
5196,0
5738,0
8683,0
7670,0
10947,0
17570,1
5952,1
11147,0
510,0
6042,0
2327,0
15980,0
688,1
15002,1
11250,1
8003,1
8921,1
9335,1
9849,0
6939,0
10421,1
2698,1
12819,0
13827,1
3141,1
17526,0
1630,0
15149,1
15962,0
6534,0
14491,1
11232,1
191,0
10374,0
15028,1
11957,1
15347,0
4409,0
12152,1
16489,1
12047,1
4845,1
4947,1
11529,0
13694,0
16685,0
13148,1
14002,1
7760,1
2059,1
6935,0
15605,0
10708,0
8893,0
10290,1
16718,0
14964,1
17524,1
6786,0
11907,1
16141,1
16226,0
17814,1
514,1
5748,1
2946,0
220,1
16519,0
16407,0
14475,0
6903,1
14276,1
5126,0
5835,0
11387,1
4836,1
17149,1
16254,1
7884,1
12052,0
874,1
16440,0
1558,1
8713,1
9678,1
9560,0
17543,0
17312,1
17770,0
17507,1
9083,0
15007,0
262,0
12849,1
7205,1
7575,0
5224,1
14526,0
2155,0
4683,1
16278,1
11426,0
9278,0
4744,0
17585,0
3794,1
3960,0
17649,1
4007,0
8033,0
8699,1
5475,1
13248,0
17086,0
12878,0
574,1
14792,1
13768,1
11394,0
11629,1
12538,0
10778,0
14082,1
498,0
16722,1
16738,0
7446,0
2374,1
10502,0
16962,0
3292,1
5316,1
2546,1
6251,1
8605,1
527,1
7731,0
17568,1
16511,1
7122,1
9386,0
14338,0
108,0
23,1
16272,0
11384,1
3060,0
3067,0
2646,0
7369,1
10361,1
1039,1
1493,0
11296,0
8469,1
9615,1
9939,0
2450,0
7970,0
15470,1
275,0
8681,1
9591,1
16438,0
6572,1
5521,1
2174,1
1066,0
12620,1
11461,0
5977,1
5245,1
558,0
4874,1
7434,1
1343,0
11733,1
1807,1
1250,1
14039,1
10992,1
10317,0
5266,1
16368,1
2188,1
2972,1
6616,0
11287,0
12151,1
5313,1
2987,0
3752,1
11821,0
16665,0
9297,0
858,0
16075,0
4643,0
2874,1
10935,0
2466,1
2509,1
17409,1
7681,1
16357,1
1943,0
1685,0
15530,0
1812,0
14077,1
10044,0
4466,1
8151,0
13635,0
11541,1
5734,1
15146,0
16997,1
13024,1
11693,0
501,0
8947,0
5961,1
3147,1
10232,1
7003,1
15450,0
9454,1
11642,0
8032,1
5223,1
16900,0
15926,0
3963,0
2725,1
9215,1
5860,1
8878,0
4726,1
2057,0
4820,0
15743,0
17328,1
4722,1
14749,1
15125,0
5169,0
7208,1
2410,0
7741,0
7769,1
13124,1
3409,1
17113,1
10536,1
3377,0
14736,1
13776,0
8613,0
16312,1
13401,0
14685,1
5040,0
4182,0
8944,0
1451,1
10445,0
6358,0
925,0
12265,1
17432,0
12611,0
466,1
9394,0
4873,1
10447,1
14057,0
12302,1
819,0
17965,0
12307,0
9928,0
15960,1
16567,1
1399,0
4532,1
14908,0
6876,0
15177,0
9974,1
13049,0
793,1
1003,0
17799,0
8518,0
4391,1
12501,0
15585,0
1162,0
13250,0
6552,1
16822,0
12805,0
3386,1
7949,0
16827,1
10792,0
2281,0
12147,0
168,0
4193,0
17614,0
6969,1
3833,1
17760,0
2425,1
14013,1
6941,1
12480,1
7892,1
7329,0
14388,1
11485,0
2996,0
12667,0
3186,0
17199,1
998,1
15594,0
3080,0
14038,0
5489,1
15933,0
892,1
17752,1
4148,1
12826,1
8480,0
17001,1
17327,0
16623,0
569,0
5602,0
10565,1
9929,1
8691,0
13160,1
8331,1
5168,1
14008,0
11238,1
1110,1
4489,1
934,1
16367,1
10791,1
10027,1
13080,0
16880,1
14315,1
10125,0
7569,1
5384,1
8865,1
5242,1
13479,0
15486,0
85,0
9831,0
9172,1
770,1
3868,1
7604,1
12181,1
16099,0
16899,0
6008,0
12217,1
1031,1
10904,1
14298,0
11071,0
4100,0
16982,0
13629,1
15884,0
1434,1
8859,0
17660,1
3058,1
5339,0
1883,1
855,1
7829,0
7497,0
3627,1
15413,0
7823,0
5466,0
6354,0
8289,1
13789,1
3587,1
3610,1
5955,0
11658,0
2259,0
12654,1
12301,0
12128,1
17621,1
17908,0
11207,1
826,1
12253,1
9458,1
6495,1
12629,1
5097,1
360,0
614,1
2862,0
10971,0
2169,0
9643,0
6438,0
11572,1
10143,1
5002,1
17877,0
14621,0
9999,1
682,1
10102,1
9543,1
9958,0
2256,0
9567,0
13773,1
12425,1
11631,1
8551,1
9221,1
1363,0
1785,1
14549,1
9309,0
9737,0
763,0
5647,1
17010,1
6766,1
295,0
14215,0
3226,1
3355,0
11222,0
16323,0
10734,0
1132,0
15171,0
17698,0
10615,0
5871,0
10806,0
9389,1
7819,0
3619,0
13574,1
617,0
901,1
16571,1
4548,1
17153,0
1993,0
17345,1
12931,0
12103,0
17413,1
11344,0
5802,0
15086,1
15666,0
80,0
3598,1
16691,0
5756,1
16579,1
12294,0
4775,1
5691,1
11923,1
105,0
13851,0
433,0
6978,1
14445,1
2060,0
17923,0
2715,0
17956,1
11216,1
15925,0
11684,1
15354,0
3399,0
9158,0
6142,0
15260,1
4481,0
2502,1
5432,1
13685,0
7281,0
10378,1
6624,0
9689,1
8684,0
5797,1
14857,0
5311,0
2291,0
8268,1
4202,1
5110,0
17693,1
15877,1
9605,0
7579,0
15408,1
17352,1
5594,1
967,0
3135,1
14101,0
9494,0
11383,1
7441,1
14293,0
9174,1
4663,1
541,0
2748,1
11707,1
7341,0
1942,1
95,1
8694,0
16127,1
10788,1
13697,1
2824,1
7972,0
994,1
9007,0
4197,1
3341,1
8361,0
8484,1
15618,1
15199,1
9670,1
13845,1
7156,0
5780,0
5609,1
7715,1
10894,0
17004,1
9665,0
55,1
10275,1
4834,0
5263,0
6137,0
17904,1
12496,1
7278,0
7405,0
16584,1
5818,0
15070,0
6476,0
1972,1
14680,1
10151,1
10896,1
14209,1
12232,0
9270,1
2900,0
14726,1
6052,1
7540,0
16794,0
14532,1
17511,1
8959,1
9135,0
17137,0
9020,1
9430,0
12235,0
2830,0
6056,0
13083,1
8534,1
10713,0
5230,0
13631,1
4964,1
5435,1
3716,1
3233,1
13808,1
4999,0
10099,1
3250,0
1028,0
16874,0
11904,1
12729,0
15626,0
17018,1
15074,0
8118,0
5946,0
4467,1
5109,1
13500,1
141,0
9222,0
1168,0
17670,1
15635,1
1822,0
94,0
5785,1
5964,0
7466,1
3507,0
15032,0
1422,0
686,0
2573,0
16052,0
6071,1
13846,0
15492,1
2225,0
8367,1
12350,1
2295,0
4654,0
3241,1
13470,1
3754,1
424,1
2496,0
16881,0
5934,0
12443,1
14233,1
15843,0
1462,1
4992,0
1967,1
13290,1
11386,0
1224,0
59,1
2175,0
3824,0
4037,0
10019,0
8986,1
11725,0
15071,1
7277,0
6551,1
3347,0
13616,1
12864,0
392,1
11539,0
16397,1
3294,1
15137,1
12459,0
4311,1
5094,0
13145,1
6189,0
11490,1
10473,1
17255,0
17203,0
4558,1
17227,0
12950,0
8835,0
8642,1
14182,1
16200,0
12750,0
11428,0
3681,0
6026,0
16112,0
3320,1
4674,0
636,1
17326,1
6472,0
3132,0
7871,1
16776,1
12703,0
17331,0
1174,1
4729,1
5170,1
8088,1
1262,1
11944,0
8734,1
5814,0
11129,1
6403,1
961,1
7339,1
2283,1
3533,0
1604,1
17651,1
7737,1
12106,0
11867,0
15950,1
15145,0
12588,0
9821,1
13702,1
15975,0
8863,0
6533,0
4272,0
17351,0
8689,0
15914,0
7560,0
13053,0
3642,0
16520,0
6324,0
6760,0
16157,1
13380,1
6872,1
9594,0
1413,0
2086,0
446,1
17088,1
10224,1
12678,0
5675,0
4669,0
6609,1
395,0
6102,0
7943,0
1333,1
17662,0
2895,1
15265,1
11401,1
8673,0
8488,0
3194,1
302,0
4336,1
8847,1
12882,1
14751,0
7402,1
7929,0
17800,1
4028,0
6084,1
14613,1
2574,1
4508,0
11651,1
15212,1
7108,0
11870,1
816,0
6025,1
3969,0
5236,1
8333,0
12566,1
5831,1
692,0
14444,0
13093,1
9432,0
2313,1
1331,0
8021,1
12808,1
5677,1
14062,0
11803,0
16385,1
1634,1
3730,0
5978,1
1114,0
6596,0
3437,1
5932,1
8106,1
9503,1
4906,0
4730,0
7509,0
340,1
10201,0
8927,1
17251,0
2365,1
9393,0
15394,0
7333,0
4893,0
5872,0
12945,0
4533,0
6149,1
7029,0
9229,0
11943,0
17020,1
9904,1
2045,0
773,0
17916,1
15502,1
6229,0
6212,0
11324,1
7081,0
12683,0
2839,1
9732,1
197,0
14926,1
11257,1
14651,1
7231,0
1706,1
2682,0
15184,1
4575,1
9566,0
2137,0
14235,1
12013,0
1718,1
6976,1
17849,1
17100,1
2034,1
7781,1
1733,0
7428,1
12168,0
17341,0
17885,1
1288,0
11330,1
13244,1
9087,1
11277,1
1719,1
14288,0
1501,0
9232,0
11496,1
17392,1
11963,0
12762,1
807,0
7932,0
14244,0
7483,1
7849,1
11204,1
7335,0
11897,1
9062,0
8563,0
4780,1
7961,0
4620,1
15155,1
9575,0
15231,1
15420,1
3290,1
17157,1
11175,1
3188,0
17404,0
14162,0
4838,0
15000,1
11559,1
1874,1
386,1
8579,1
5803,1
10307,1
3415,0
9153,0
6658,1
12291,0
345,0
4826,1
15504,0
3782,1
8942,0
13861,1
15781,1
6834,0
11824,1
2617,0
12673,0
9885,0
10566,0
14992,0
8561,0
2653,1
2842,0
11800,0
6257,1
8965,1
2249,0
15056,1
6339,0
8977,1
7991,1
5186,0
8365,1
5866,1
5248,0
1131,1
7886,0
3956,0
4109,0
6481,0
6091,0
17405,1
8020,1
15193,1
16320,0
9391,0
9972,0
12497,1
16496,1
2658,0
15611,0
16777,1
2712,0
13748,0
4881,0
1034,0
5179,1
3751,0
8832,1
9186,1
5899,1
1919,0
2834,1
5336,0
16893,0
12853,0
4353,1
5774,1
823,0
6715,0
14097,0
4157,0
10056,1
15801,1
3467,1
17300,0
8735,1
2822,1
176,0
13671,1
15663,1
10082,1
15841,0
15870,1
8281,0
5252,1
9080,1
16415,1
17322,0
9436,1
9860,1
6238,0
17768,0
8305,0
10219,0
14947,1
8180,0
3239,0
9750,1
12901,1
15952,1
8702,0
2722,0
7078,0
7979,1
7083,1
5340,1
17456,1
5070,0
9969,0
7914,0
2205,1
6428,0
12341,0
9308,1
17213,0
8251,0
833,1
17891,1
16865,0
13950,1
14078,1
6622,0
14564,1
852,0
13127,1
730,1
6866,0
8508,1
5164,1
7105,1
7430,0
14138,0
16017,1
14187,1
12075,1
11136,0
12339,0
2269,1
4850,0
5864,0
11929,0
11766,1
6103,0
1395,0
6833,0
15509,0
4704,0
5098,1
2477,1
14347,1
11291,1
8280,0
11246,0
2791,1
15568,1
17455,0
2399,0
518,0
7544,0
1801,1
17492,0
3523,0
10187,1
10807,0
10915,0
7518,1
9604,1
3447,1
15786,0
811,1
2214,0
10513,1
15429,0
4440,1
10755,0
6382,0
6530,0
7394,1
16516,1
8014,1
5148,1
17104,1
11263,0
10805,1
8156,0
17314,0
10893,1
14691,1
5903,1
12156,1
15130,0
17584,1
8382,1
4970,1
5486,1
9499,0
1297,0
8209,1
17607,0
11819,1
5299,1
15719,0
3131,0
15946,0
10214,0
15712,0
13424,1
3271,1
12032,0
17892,0
14610,0
11165,1
16536,0
2132,0
7536,0
1193,0
5007,0
9136,0
9657,0
17006,1
9565,0
8801,1
150,1
12296,0
11276,0
8078,0
4259,1
1502,0
13558,1
1030,1
6736,0
9698,0
13659,0
14790,1
4192,0
12243,0
7019,1
17533,1
3640,1
432,1
8575,0
4610,1
6758,1
2382,1
3566,0
14285,1
5452,1
12504,1
15419,0
4189,1
8519,1
10981,0
8727,1
13573,1
12445,1
8040,0
8523,1
2948,1
2628,0
10627,0
8907,1
2560,1
14956,0
16778,1
1889,0
4884,0
1970,0
2315,0
112,1
751,0
673,0
116,0
8309,1
10123,1
14634,0
5108,0
2805,1
17472,1
9932,1
5875,1
11049,0
5390,1
2556,1
14504,0
5482,0
737,1
3227,1
14140,0
4205,1
2350,1
3073,0
8366,1
14437,0
861,1
10194,0
1008,0
2103,0
7163,1
6326,1
8146,1
10557,1
10863,1
2088,0
6343,0
7946,1
585,1
8511,0
12452,0
11317,0
11883,0
14147,0
6656,1
14706,0
471,1
15610,1
15117,0
16437,0
10198,1
745,1
11100,1
3444,1
10235,1
1238,1
5241,0
6216,1
5096,1
16517,1
11027,1
230,1
16551,0
503,1
17842,0
3416,0
5309,0
16745,1
11195,1
17094,0
3971,0
15939,1
6724,0
12609,1
15598,1
13063,0
14583,1
15096,1
14104,0
14322,0
3274,1
16101,0
16801,0
14890,0
3981,1
632,0
8293,0
12466,0
1552,0
6553,1
7557,0
4470,0
16848,1
16203,0
16530,0
8125,0
3212,1
5559,1
8158,0
9510,0
6474,0
8500,0
853,1
4833,1
12978,1
3673,1
10827,0
15466,0
12884,0
3183,1
14580,1
15233,1
4911,1
2407,0
31,0
4309,0
8372,1
9877,1
1326,0
9504,0
12777,0
2404,1
16839,0
8564,1
7216,0
9343,0
2814,0
5524,1
13306,0
7922,0
6135,1
13388,0
4905,0
10032,1
7703,1
12936,1
6389,1
1666,1
14663,0
1143,1
1990,1
13724,1
10928,0
5474,0
11868,0
6095,0
15703,0
3946,0
1387,1
11552,0
7359,0
4660,0
12282,0
12311,1
7349,0
17433,1
11208,1
10955,0
10450,0
2087,0
10484,1
11037,1
11423,1
4095,0
5945,0
8068,0
14112,0
12591,0
6971,1
6399,0
14875,0
14365,1
8364,0
11154,1
7464,0
8748,0
11795,1
17476,0
3054,0
9000,0
14551,1
9798,1
8481,0
2928,1
17871,0
2377,1
2997,1
10047,1
16731,1
9392,1
9843,0
15238,1
11577,0
16393,1
2492,0
13552,0
2971,0
15141,1
2801,0
10828,1
13378,0
6321,0
14436,1
10661,0
15505,1
5225,0
10351,0
12810,1
3013,0
11104,0
2239,1
7006,1
4329,0
4065,0
502,1
16931,0
13173,0
15057,0
10808,1
1824,0
17238,1
11924,0
6400,0
188,0
2443,0
7809,1
5995,0
15391,0
4681,0
4859,0
15440,0
4571,0
10206,0
4218,1
10370,1
10418,0
8213,0
5516,0
7790,0
5705,0
16290,0
7203,0
9812,1
17960,0
10344,0
11988,1
16577,0
5556,1
8999,0
8057,0
10814,0
8998,1
15761,0
15715,0
5396,0
3695,0
6305,1
5189,0
14144,1
11780,0
11016,0
14811,1
17215,1
11915,0
2499,1
12015,0
1503,1
11681,1
12398,1
9086,0
13399,0
16250,1
15210,1
1240,1
5843,0
12455,0
14753,1
17855,1
8566,0
4029,1
9685,0
7065,1
3922,1
17353,0
16262,0
5981,1
16736,1
17169,1
17467,0
3202,1
3740,1
5636,0
2854,1
3890,0
17672,1
11889,1
4917,0
13842,0
7286,1
8811,1
3653,0
7897,0
10603,1
17751,1
17460,1
4821,1
17927,0
16046,1
10931,0
2135,0
3826,0
7125,1
7858,0
11309,0
15467,1
12605,1
12244,1
950,0
669,1
11823,1
13609,0
12847,1
9916,0
10170,0
2817,0
6040,0
12606,0
3974,0
844,1
6362,1
9641,1
10373,0
8646,0
12219,1
6200,0
243,1
10181,0
17201,0
13090,0
8851,0
9942,0
9296,1
15506,1
641,1
7148,0
7778,0
0,0
7863,0
6841,1
8264,1
16966,1
17837,0
8368,1
8121,0
5260,0
1455,1
13669,0
2866,0
8201,0
5417,1
3452,1
1924,0
8674,1
9833,0
7959,1
6018,1
8725,1
15627,1
12788,0
17963,0
9357,0
9032,1
10965,1
12258,0
1281,1
3976,0
1237,1
14879,0
3636,0
17290,0
3175,0
16059,0
11015,1
8972,0
14933,1
17728,0
4727,0
12893,1
5038,1
14071,0
1356,0
16399,0
9180,1
15270,0
17613,1
15783,0
5491,0
9314,1
6188,0
11046,1
14004,0
1542,0
16733,1
10932,1
1107,1
13696,1
1165,0
3645,0
14343,1
9231,1
1152,1
4254,0
15179,0
1780,1
242,1
14419,1
3998,1
5415,0
9767,1
11358,0
1461,0
4454,1
13722,0
5736,0
13652,0
7158,1
12600,0
851,0
17886,1
5596,0
17627,0
13285,0
14102,0
9725,0
12400,1
4994,1
13323,1
6731,1
10471,1
7629,0
15850,1
14748,1
3962,1
10751,1
4111,0
6003,1
6461,0
4830,0
15803,0
11272,1
6666,0
10531,1
8730,1
2091,0
11636,1
775,0
1364,1
13155,0
2524,0
4268,1
8715,0
11306,0
12719,1
497,0
11421,1
548,1
650,0
1062,1
12989,0
12841,0
30,0
6127,0
17114,0
11285,0
5115,1
10944,0
16740,0
3324,0
1833,1
1766,1
10998,0
13586,0
12794,1
3004,0
670,0
11932,1
5084,1
5739,0
4910,1
11168,0
14995,0
8242,1
8320,1
9712,0
11059,0
4483,1
15821,0
11019,1
7384,0
4010,0
7179,1
9067,0
15671,1
839,0
10094,1
14630,1
8311,0
17854,0
759,0
2245,0
4266,0
927,0
6768,0
15970,1
12390,0
14989,0
6480,0
5827,0
6987,1
8776,1
7138,0
15888,0
6418,0
12218,0
5715,0
10226,1
5429,1
3000,1
5973,0
15961,0
11667,1
13556,0
6129,0
11814,0
6946,0
4793,1
10240,1
1787,0
13985,1
14628,1
4755,1
10313,1
12681,0
13969,0
9099,0
5931,1
13463,0
11079,0
14957,0
17059,0
11264,1
8056,1
16671,0
10438,1
1252,1
4854,0
5389,0
8812,1
6899,1
13392,1
13855,1
10335,0
17903,1
11178,1
939,1
14318,1
17783,1
14149,0
1799,1
13406,0
2710,0
17011,0
9426,1
11138,0
12955,1
8096,0
11833,0
10773,0
16401,1
8622,1
4296,1
11320,1
8296,0
5537,0
3475,0
248,1
4383,0
13746,0
3918,1
9740,0
8770,0
712,1
10323,0
14986,1
16980,1
2576,1
16715,1
4547,0
7067,0
13832,0
1012,0
1848,0
723,1
16772,0
3251,1
10460,0
11088,1
7928,1
1303,1
6740,0
6566,1
11430,0
6547,0
9762,1
5445,0
11260,0
17528,1
889,0
9980,1
17284,1
8522,0
9329,1
16645,1
9883,1
10179,1
8524,1
3421,0
5093,1
7614,0
2687,0
6019,0
7722,1
8310,1
12988,1
1606,0
5403,0
17503,1
11702,1
13717,1
17313,1
12056,0
11980,1
6791,0
10514,0
3228,0
4709,0
1670,1
12992,0
15080,0
4921,0
7416,1
1627,1
12782,1
151,1
4967,1
14885,1
9903,0
12149,1
13207,1
8231,0
12926,0
10008,0
12345,0
16458,0
5928,1
7998,1
8055,0
16008,0
4619,0
5833,1
7082,1
487,0
17804,0
10560,1
15725,0
16473,1
17475,0
16162,1
12659,0
3736,1
8098,1
1096,0
7956,0
5142,1
8216,0
16283,0
17681,0
14035,1
7888,1
1973,1
8747,1
12887,1
12785,0
5988,0
5572,0
15955,0
4601,1
13536,0
1223,0
16555,1
8929,0
5220,1
11152,1
5530,1
13799,0
17576,0
16005,1
756,1
5634,0
12237,1
15828,1
9164,1
9962,0
6291,0
4537,1
16514,0
7343,0
17706,1
1490,0
9639,0
7468,0
9847,1
2235,1
14248,1
4252,0
7228,1
2314,0
2510,0
15739,1
17525,0
2986,1
13663,1
10284,1
6665,0
13721,0
12876,1
2813,0
11533,0
920,1
8321,0
7426,1
3005,0
8528,0
3137,1
3837,0
10500,0
8988,1
5564,0
7534,0
10254,0
9919,1
4058,1
647,0
2264,0
2812,0
4479,1
7050,1
16739,1
15777,1
10608,0
14843,1
13996,0
12743,1
16837,1
8177,0
17761,1
3042,1
8634,0
14873,0
10802,0
13439,1
4887,1
10340,0
12944,0
15423,1
10829,0
11717,0
2371,1
16646,1
16897,0
4365,0
15710,1
3225,1
17615,1
3917,1
14907,0
12418,1
7553,1
17676,0
6222,0
11831,1
3075,1
8975,0
10454,1
5267,1
15652,0
7600,0
13196,0
14262,0
7724,0
11375,0
15629,0
7039,0
13215,1
11268,0
10962,0
2196,0
5840,1
10423,0
16359,0
5839,1
3149,0
11998,1
10406,0
6108,0
12633,0
13010,1
6097,1
3118,1
14350,1
13804,1
10643,0
14514,0
1450,1
8086,1
7382,0
13132,1
14848,0
16563,1
6191,1
5998,1
2050,1
17911,1
17127,1
16968,1
17601,1
4239,1
7779,0
14213,1
17789,1
11511,0
5764,0
16990,0
6756,1
4363,0
4242,1
7345,1
6535,0
7908,1
2521,1
16270,0
8034,0
4863,1
8680,1
9735,0
16581,0
1312,1
9563,1
3546,1
5011,1
10995,0
11873,1
8612,0
8756,0
17039,0
4118,0
6114,1
13507,0
2691,1
11836,0
6801,0
631,0
7217,0
9587,0
5853,1
10964,1
7177,1
16760,0
4676,0
15174,0
9141,0
7765,0
13162,0
7484,1
7694,0
14424,1
1614,0
8775,1
6911,1
7001,0
9968,1
1128,0
13677,0
10787,1
12637,1
1015,0
404,0
13676,0
17914,1
2610,0
7321,1
16031,1
8272,1
11191,1
10280,0
2503,0
1725,1
2357,1
14535,1
14510,1
11164,0
13001,0
7128,0
15907,0
4795,0
735,0
5815,1
16307,1
8845,1
17939,0
7132,1
10890,0
2513,0
11610,0
5790,0
9722,0
9288,1
11771,1
9601,1
9199,1
8846,0
5292,1
12044,1
7713,0
12647,0
4581,0
17828,1
2661,0
8901,1
12623,1
3316,1
6851,1
14360,0
12067,1
12221,1
16051,0
10491,0
8569,0
7640,1
12625,0
10838,1
16022,0
15760,1
17033,1
439,1
14769,1
4194,0
5867,1
7014,0
6072,0
1292,0
2186,1
10022,0
14302,0
7877,1
16155,0
6957,0
3655,1
7151,0
7326,1
15811,0
16165,0
8906,0
11323,1
14587,0
13134,0
1171,1
4553,1
11310,1
2925,0
12394,0
8853,1
12318,1
17272,0
8219,1
15528,0
7830,0
9336,0
12460,0
14774,0
5416,0
16092,0
10715,0
7274,1
5667,1
4062,0
10930,1
14627,0
12027,0
3803,0
3861,1
1511,1
17556,0
11297,1
11793,1
6172,1
6704,1
2306,1
8418,0
1408,0
7954,0
4075,1
17147,1
11029,0
11229,0
5776,1
17523,1
17367,1
3852,1
17697,0
16103,1
12420,1
14304,0
10524,0
12959,0
12543,1
16698,1
15383,0
3759,1
6781,0
4814,1
10441,1
14758,0
16180,0
412,0
2479,1
3972,0
1158,0
10951,1
13901,1
10878,0
3463,0
16500,1
3793,0
9238,0
14642,1
15637,0
16932,1
16915,1
14954,0
13249,0
12396,1
5497,0
4306,1
9444,0
1744,0
17382,0
7386,1
4332,1
7336,1
17587,0
2938,0
7196,0
1184,0
4144,1
8468,0
16789,1
13165,1
299,0
6201,1
5655,1
13535,1
8935,0
2527,0
3672,0
4217,1
12940,0
10382,0
14311,0
3951,1
3433,0
8868,1
16672,0
13638,0
8197,0
10499,1
6270,0
8623,1
2070,0
13247,0
15055,0
9634,0
4381,1
11546,0
2589,1
6446,1
16605,1
12618,0
478,1
16987,1
15965,0
14051,1
944,1
13989,1
13622,0
3961,1
15214,0
15428,1
457,0
11936,0
800,1
5106,1
11082,0
8844,0
16528,1
5087,0
2104,0
16009,0
4090,0
15300,1
12720,1
10111,1
2244,1
14757,1
2134,0
1127,0
14824,1
9528,0
16963,0
5276,0
13664,0
8525,1
15994,0
16253,0
17066,0
1369,1
10529,0
10879,0
16089,1
10432,1
15665,1
12664,0
17522,1
4374,0
17067,0
4089,1
14344,1
1258,0
16148,0
9108,0
12542,1
102,1
9044,1
5467,0
3033,0
5630,1
10772,1
12624,0
15989,0
17424,1
7455,0
13738,0
12509,1
2836,0
11407,1
8486,1
16663,1
6689,1
2484,0
7212,1
13031,1
9501,0
2221,0
8992,0
15936,0
10183,0
12937,0
10979,0
362,0
1635,1
16455,1
9866,1
15374,1
4937,0
9358,1
11424,1
4490,1
9483,0
1467,0
8413,1
14988,0
15393,0
7309,0
7714,0
3105,0
2010,1
17580,0
4367,0
9367,0
689,1
4204,1
16889,0
3350,0
1920,1
6020,0
1761,0
3984,0
12604,1
15306,0
13430,1
2079,1
2405,1
16578,1
13117,0
17178,0
2536,0
14735,0
6492,1
10393,0
3483,0
13946,0
3441,0
6449,0
9760,0
605,0
2792,0
12372,0
8079,0
11893,1
5618,1
9897,0
4469,0
9206,0
6206,0
16034,0
990,1
2667,0
13074,0
3354,0
515,0
200,0
2455,1
17260,0
8128,0
12817,1
6146,0
8453,1
15678,1
3516,0
2117,1
9918,0
8643,1
10591,0
4531,1
17588,0
1177,0
11645,1
9068,1
9741,1
9757,1
2838,1
14531,0
1863,0
12491,0
5951,0
6208,1
1753,1
4926,0
13783,1
17557,0
12521,0
10545,0
10115,0
5920,0
4117,1
864,0
862,1
1036,0
16616,0
12029,0
13891,1
3432,0
1290,0
14806,0
4515,1
12036,1
282,1
14463,0
1577,1
17110,0
2540,1
3734,0
1378,0
14980,1
9746,1
11513,0
78,1
17529,0
10724,1
16504,0
7308,0
15216,0
13451,1
16429,0
7925,1
15372,0
14599,0
14577,0
4613,0
15730,1
5343,1
4616,1
11621,1
532,1
13316,0
513,0
2483,0
14469,0
3112,0
11816,0
7469,0
13904,1
1830,0
1287,0
533,0
14021,1
3646,1
13128,0
3139,1
9246,0
8769,1
445,1
481,1
259,0
6122,0
3871,1
10242,1
14110,1
5770,1
4595,1
6951,0
2901,1
8736,1
10527,1
3299,1
1222,0
16345,0
8780,0
12469,1
13854,0
10212,0
17210,0
12254,0
17485,0
3522,0
269,1
1846,1
10745,0
1684,0
1021,0
8153,1
5198,0
15112,1
4244,1
14402,0
5635,0
9700,1
9107,1
7542,0
7696,0
380,1
11627,0
11244,0
1077,1
1930,0
17598,1
6615,0
15833,0
16301,0
13515,1
13592,1
13857,1
6664,0
12911,0
16818,1
801,1
7650,1
4056,0
11224,0
17230,1
17851,0
7194,0
2763,0
16398,0
12572,1
12320,0
344,1
15410,1
7372,1
7115,1
9260,0
16038,1
6545,1
1351,1
1182,0
6993,0
8448,0
8074,0
5409,0
9331,0
11064,0
5906,0
17569,1
17225,1
7233,1
11951,1
9036,0
14468,0
2577,0
2523,1
11764,0
1449,0
16444,0
12987,0
13210,0
16370,1
10451,0
11139,0
9768,1
779,1
684,0
4473,0
16276,1
9364,1
3710,0
8234,0
13741,1
7248,0
7342,0
3401,0
17270,1
5411,0
5761,0
14793,0
12764,1
13474,1
2588,0
10251,1
12577,1
6121,1
14455,1
4324,1
2190,1
7807,0
3952,1
4246,1
6471,0
17358,1
14429,1
4297,1
8660,0
6450,1
17070,0
4130,0
11839,0
3313,0
3525,0
8303,1
663,1
5816,1
3777,1
5652,0
8618,0
6506,0
13615,0
11044,0
14756,1
8588,1
1310,1
11557,0
15035,1
4540,0
17325,0
1873,1
11054,1
7721,1
1847,1
9239,1
5994,0
1927,0
13750,0
11108,1
11172,1
16598,1
8473,0
14863,0
1778,0
8879,0
8661,1
17108,0
8897,0
9515,0
10258,0
16044,1
7354,1
9262,1
8554,1
4427,0
12022,1
6618,0
10230,0
9559,0
12358,0
1218,1
803,0
1823,1
14569,1
11325,0
1340,0
17930,0
4670,0
3201,0
10394,0
9949,0
15367,1
12231,0
16726,1
2231,1
3915,1
5721,0
15619,1
4985,0
6980,1
1243,0
13391,1
10040,0
5322,0
15554,0
2580,1
5943,1
5505,1
9284,0
14224,1
10609,0
6843,0
255,0
2401,1
13366,0
3500,0
1135,0
15542,0
14063,1
16466,1
13137,1
3613,1
11967,0
2127,1
7966,0
11801,0
13015,0
12200,0
12195,0
10,0
8087,0
3779,0
14958,1
17759,0
5967,1
17638,0
9810,0
2068,0
1617,1
6002,1
1437,0
13087,0
5975,1
16644,0
3310,1
16002,0
9400,0
13405,1
11022,1
4955,1
1248,0
812,1
3122,1
10847,1
10598,1
17915,1
13670,1
15813,1
5940,1
8746,1
9841,0
16561,1
11550,0
3296,1
9137,1
13297,0
9520,1
12312,1
4534,0
12537,1
6991,1
5788,1
10881,1
17844,1
3041,0
3784,0
13988,1
9965,1
12465,1
16280,0
16347,1
1419,1
11986,1
7990,0
4471,0
10481,0
3398,1
10448,0
8826,1
17440,0
10649,0
14091,1
16317,0
5291,1
13078,1
15807,1
5599,0
11292,0
12470,0
3124,0
11002,0
14264,0
17671,1
9371,1
17473,1
17080,1
17470,0
12432,1
16337,1
13587,1
11976,0
11185,1
15134,1
9117,0
5153,1
13775,1
1130,1
6502,0
409,1
2865,1
2402,1
1865,1
195,0
12768,1
17807,0
16335,0
9305,1
2828,1
4487,0
12505,0
16469,0
1779,1
10984,0
6600,0
4476,1
10137,0
12031,1
10640,1
4274,1
11652,0
12797,0
7209,1
6167,1
8887,1
2681,1
11411,0
1834,0
2210,0
17784,0
5056,0
1969,0
2212,0
4962,0
1910,0
13810,0
11283,1
4721,1
11622,1
923,0
1266,0
9322,0
13343,0
10160,1
11307,0
11058,1
1578,0
12148,0
14210,1
8137,0
8889,0
6240,0
13714,0
1673,0
8945,1
7686,1
9008,0
14969,0
9396,0
9697,0
10659,0
5727,1
16770,1
6155,0
15808,0
17738,0
4464,1
14542,0
10733,1
7621,0
16377,1
2136,1
5023,1
9726,1
7236,1
6585,1
12875,1
6528,1
16717,1
776,1
8478,0
13246,0
10074,1
3902,1
3408,0
14894,0
10097,1
10279,0
2802,1
7887,0
13712,0
12327,0
1508,0
10482,1
8243,1
218,1
9477,1
9869,0
9402,1
8412,1
6085,1
7940,1
12392,1
14031,0
6157,1
1858,0
13984,0
13086,0
6508,0
8667,1
5330,1
17642,0
6028,0
4946,0
17961,1
12933,1
13966,1
2626,0
4978,0
15931,1
7728,1
15934,0
16597,0
17271,0
17428,0
1468,1
11160,0
3542,0
14503,0
3508,1
11978,0
12166,0
13052,1
7297,1
11600,0
5085,1
10532,1
3801,0
10141,1
167,0
5062,0
7637,1
1080,1
1426,1
15820,0
9799,1
11030,1
10343,0
10331,0
16263,1
6529,1
17340,1
10417,0
8019,1
12727,1
11123,1
15342,1
2356,0
4385,0
11405,0
3967,1
13262,0
3177,1
7821,1
7535,1
6313,0
7872,0
16443,0
15901,1
14527,1
8029,1
15201,0
2138,1
3107,0
13979,0
8763,1
6693,1
11170,0
16371,1
10192,1
5792,0
12938,1
15576,0
5279,0
10779,0
4216,0
13299,1
4815,0
16758,0
1479,0
12299,0
14669,0
5090,0
8558,0
14619,0
17245,1
17399,0
741,0
16781,1
17489,0
932,1
1499,0
14415,1
1538,0
17129,0
8645,0
17397,1
14169,1
13509,0
3560,0
14996,1
2512,0
1239,0
12485,1
14695,0
11730,0
11788,0
12001,1
16178,0
8858,0
1257,0
6039,0
4263,1
5418,0
7299,1
11210,0
11785,1
2038,1
14295,0
9431,0
8872,0
7454,0
8659,1
4579,0
17921,1
2734,0
14871,1
17442,1
2737,0
7305,0
17195,1
270,0
4825,1
10523,0
14737,0
11262,0
8794,1
8671,1
4622,1
16732,0
16570,1
10720,0
464,0
5702,0
7126,0
2778,1
15326,0
7010,1
1475,0
5261,1
2929,1
8621,0
3374,0
6887,1
8925,0
1309,0
13632,1
9397,1
26,1
2331,0
1115,0
11760,0
11783,1
4078,0
12251,1
9779,0
13512,1
9938,0
11392,0
15255,1
7870,1
16676,0
13869,0
1056,0
14545,1
11538,1
1985,1
7425,0
4380,0
13793,1
15501,1
2394,0
14084,1
11886,0
4657,0
6952,0
6914,1
16000,1
7334,0
662,0
8916,0
8424,0
6811,0
6386,0
11261,0
5893,1
7324,0
750,0
8529,1
2385,1
10633,0
3167,1
4372,1
17622,0
7093,0
7646,1
14046,0
15776,0
17876,0
9345,0
5337,0
4478,0
5067,0
7793,0
14119,1
12716,0
17626,0
3197,1
2184,0
4002,0
5034,1
12139,1
6195,1
6878,0
2392,0
11214,1
5752,0
11190,1
7893,1
13506,0
14921,1
4682,1
13522,0
6516,0
3094,1
6783,0
7774,1
3076,0
11091,1
2446,1
5,0
6236,0
4024,0
14939,1
279,0
12276,0
12877,0
6625,1
4679,1
8788,1
4812,0
668,0
9612,1
16640,0
6323,0
10841,0
2655,0
3728,1
7476,0
14924,0
17291,0
12343,1
16765,0
16612,0
11680,0
3504,0
1033,1
14686,1
8358,1
2029,1
17263,1
17155,0
17599,1
5351,0
894,0
6268,1
17242,1
15867,1
14837,1
7782,1
4621,0
7113,1
4249,0
9625,1
5116,1
5376,1
4282,0
9148,0
2099,0
15463,0
5192,1
13076,0
423,1
8187,0
15541,0
6110,1
14604,1
14812,1
7921,0
13511,0
830,0
10956,0
16085,1
10587,0
11888,0
7840,1
11778,1
7664,0
14960,1
16502,0
13268,1
7672,1
8949,1
1998,0
3846,0
8083,1
346,0
12829,1
13603,1
2031,1
4400,1
2920,0
9282,1
17586,0
241,0
9890,1
16362,0
14474,0
14973,0
14770,0
11351,0
6075,0
14422,0
14750,1
11935,0
12458,0
4503,0
2774,1
16327,1
6521,0
10465,1
13890,0
13538,1
258,0
6949,1
5315,1
7340,0
14561,0
13703,0
1365,0
7505,1
17905,0
12711,1
5615,1
8357,1
6844,1
8252,0
3552,1
15729,1
9496,0
16950,0
9390,1
7667,0
2736,0
17518,0
16420,0
8981,0
6830,1
3651,0
17435,0
3847,1
5243,1
4012,1
1024,1
14045,1
4049,1
10291,1
1443,1
14858,1
1045,1
1649,1
13554,0
3138,1
15784,0
476,1
12007,1
9370,1
12057,1
6076,0
5487,1
8199,1
17499,1
12650,0
139,1
4602,1
1566,1
15435,1
12478,1
2082,0
17633,1
11501,1
17224,0
9538,0
1136,1
2902,1
8939,1
13066,0
11141,0
903,0
12414,0
14041,1
448,0
7026,0
15108,0
14392,0
10631,1
4770,0
10296,0
4431,1
13802,1
2216,0
8407,1
8459,1
14666,1
1818,1
2995,0
12274,0
8552,0
1808,1
17514,0
10869,1
3906,0
11835,0
10388,0
6989,1
542,1
10155,0
11699,1
5029,0
2649,0
293,1
12293,1
5264,1
13390,1
5364,1
6790,0
1314,0
5603,1
16471,1
7945,0
8384,1
14931,0
9933,0
12194,1
5563,1
2390,0
8850,0
1390,1
571,0
14553,1
9718,1
15018,0
14881,0
14674,1
16161,0
11294,0
2321,0
9505,1
15308,1
17037,0
16532,0
12532,0
7244,0
3660,1
3176,1
16724,0
2539,1
16866,1
4913,0
4993,1
2098,0
5193,0
4160,1
12279,0
49,0
10250,0
3897,0
2983,0
5199,1
1559,1
2494,1
8421,0
11278,0
12060,1
142,1
2514,1
15282,0
17776,0
10665,1
12646,0
2705,0
474,1
3761,0
4413,0
11236,1
1386,1
9693,0
17867,0
848,0
14065,0
10763,0
62,0
11772,1
12063,0
3220,0
6531,1
3017,1
6921,1
14040,0
15285,0
928,0
8297,1
10092,1
635,1
15716,1
2937,0
17124,0
7398,1
6828,1
7058,0
17723,1
11183,0
9081,0
10414,0
11701,1
9118,1
9855,0
16686,0
8717,1
3366,0
17763,0
6501,0
16920,1
16944,0
2656,1
16559,1
11880,1
3490,0
622,1
13943,1
8895,0
16857,0
13318,0
17643,0
17833,1
14573,0
15311,0
6347,1
3400,0
11752,0
7279,0
10379,0
2959,1
5660,1
14020,0
8520,0
4745,1
1804,0
1911,0
3697,1
6557,1
15085,0
5213,1
11128,0
3014,1
14970,0
16416,1
14354,0
16014,1
4612,0
5633,0
4809,0
2263,1
5294,1
15584,0
10062,1
13166,1
15295,1
14324,1
14554,0
4134,1
17343,0
1594,1
5989,1
15176,0
4188,0
4919,1
6988,0
13036,1
17103,0
6797,0
7017,0
7558,1
14150,0
11476,0
12939,1
7310,1
2543,1
17420,0
6499,0
3683,1
2395,1
15381,1
11187,0
9212,0
2232,0
16139,0
9818,0
829,1
5334,0
14312,0
13012,0
12328,0
4811,0
10826,0
11409,0
5933,0
15247,0
17118,1
14828,1
17256,1
12430,0
9057,0
4411,1
6940,1
2192,1
6021,0
2144,1
13922,0
633,0
1159,1
13553,1
7738,0
12643,0
7962,1
2717,1
5182,0
8816,0
17055,0
9599,0
5083,1
17694,0
10391,1
883,0
104,0
1633,0
5187,0
871,1
12928,0
13617,0
7422,0
8793,0
4864,1
3595,1
4753,1
3063,1
6849,0
6374,1
14348,0
1403,0
3142,1
8142,0
17678,0
6143,0
7522,0
555,1
16842,0
16624,0
2619,0
5829,0
12579,0
11840,1
10774,1
14466,1
16743,0
14201,0
899,1
10229,1
13431,1
6678,0
12593,0
7240,0
319,0
1466,1
7678,0
16217,0
16642,0
8374,0
2730,1
3669,0
16748,1
3494,1
6774,1
1748,0
17519,1
4865,1
12733,1
854,0
1592,1
9159,1
2551,0
12774,1
7625,1
6264,0
6477,1
2073,1
17478,0
15107,1
7981,1
2319,0
9775,1
646,1
597,0
13449,1
14716,1
595,1
8869,1
7264,1
14239,1
2932,0
12608,1
3572,0
13803,0
6505,1
4717,0
13348,0
16830,1
13206,0
11516,0
715,0
15638,0
10188,0
8031,1
9076,1
11038,0
11517,0
16316,0
11448,1
8507,0
9539,1
17813,0
9093,1
9691,0
17870,1
17655,1
6798,0
15444,1
3395,0
7595,0
14854,1
14718,0
15406,1
3404,1
11289,1
15459,0
10917,1
4155,0
17900,1
8737,1
1004,0
1741,0
4651,0
160,0
8474,0
4465,0
15370,1
15873,0
4959,0
11784,0
6867,1
17887,0
6943,0
13899,0
15944,0
7645,1
5874,0
2380,0
11338,0
10759,1
15089,0
9455,0
2102,0
12575,0
210,0
11350,0
13798,0
8444,0
11398,0
893,0
3111,1
17427,1
15191,1
16431,1
14019,0
3451,1
5657,0
14410,1
5724,1
17143,1
7141,0
11254,0
14860,0
9155,0
672,1
15609,1
13097,0
11547,1
15297,0
8223,0
8269,0
7624,0
8134,0
14067,0
11720,0
7261,1
17389,0
8376,0
14572,1
6744,1
15680,0
14219,1
13164,0
1180,1
12556,0
1938,0
9485,0
15586,0
10217,0
1321,1
7762,1
14683,1
3637,0
16170,0
9490,0
17536,1
12968,0
10253,0
2238,0
2966,1
14886,1
17577,0
8279,0
14066,0
7580,0
11066,0
11791,1
2445,0
2285,1
3781,1
5209,0
14027,0
17276,0
8590,1
7507,0
11896,1
11862,0
17040,1
10015,0
16482,1
7626,0
348,0
17074,0
4053,0
15844,1
342,0
4641,0
8620,1
16891,1
16497,0
4300,1
12833,0
4034,0
924,0
13733,1
9121,1
14714,0
3705,0
11942,0
84,1
6421,0
6526,1
9846,0
3498,1
15595,1
10207,0
4250,1
3025,0
12247,1
5880,0
1679,0
8286,0
5226,1
375,1
17119,0
5679,0
4176,0
13102,1
5639,0
8873,0
10614,0
1599,1
1435,0
16755,1
6258,0
5035,0
1498,0
6550,0
9827,0
15307,1
9911,1
1207,1
11133,0
14226,0
14290,1
11748,0
7988,1
7752,1
7298,0
14461,1
5424,0
6156,1
1023,0
9522,0
13050,0
13082,0
17299,1
4050,0
15011,0
1294,1
7392,0
1586,0
16647,1
14484,1
2040,1
51,0
2456,0
13818,0
16664,1
2007,0
10967,1
444,1
13751,0
14107,1
3127,1
11841,0
16763,1
5402,1
7976,1
1619,0
4042,0
3912,0
64,0
15421,1
3849,1
12544,0
14773,0
3874,1
8819,1
9442,0
271,0
12347,0
13704,0
5176,0
3051,1
17792,0
9529,1
11368,1
13981,1
5917,1
3827,0
7798,1
1681,1
12477,1
10688,0
14981,0
14342,0
17374,1
198,1
1536,0
788,1
12718,0
11062,1
12080,0
3382,1
4003,1
16942,1
3510,1
9299,0
14159,1
14222,0
12336,0
16991,0
14120,1
16985,0
6068,0
10114,1
15796,1
1278,1
15848,1
15526,1
7338,1
1334,0
14496,1
3478,0
13557,1
573,1
10286,0
6412,1
6799,0
16018,1
11588,1
13753,0
2642,1
9719,0
11628,0
87,1
16836,0
3128,1
3991,0
12422,0
131,1
5082,0
12209,0
16136,1
11755,0
1605,1
1776,1
3911,0
2557,1
7448,1
229,1
10483,1
3185,1
5431,0
17334,1
8637,1
12704,0
16593,0
1229,0
2549,1
17809,1
11590,1
11553,1
3085,1
174,1
9648,1
13520,0
7702,1
16787,1
17393,1
17658,0
5663,1
12749,0
13571,0
11365,0
3577,0
6083,0
16083,0
11696,1
4885,0
6823,1
11531,0
14353,0
16923,0
3359,0
11270,0
838,0
4133,0
5695,0
2531,1
610,0
12519,0
1470,0
13868,0
12599,0
7473,0
10096,0
14830,0
5823,0
13785,0
4257,1
15025,0
9421,1
6390,0
13754,1
10679,0
5143,1
2796,0
1445,1
1264,1
11782,1
12220,0
5504,1
13198,1
3304,0
6806,0
7427,1
17451,0
11404,0
204,1
2978,1
17180,0
7223,0
16939,1
4743,1
1555,0
154,0
7092,1
2569,0
1482,0
11458,0
2251,1
12723,0
6915,0
1726,0
17466,1
1000,1
11688,0
14116,1
17758,0
12724,0
9632,1
13038,0
5320,1
17394,1
9705,1
12941,0
7683,1
7997,1
15995,0
14171,1
13964,1
9181,0
12348,0
12122,0
7170,0
11177,0
6179,1
6086,1
12971,0
10035,0
13719,0
12002,1
5290,1
4417,0
16013,0
4680,0
6340,0
2638,1
2037,1
15140,0
9963,0
3558,1
16871,1
9655,1
4281,0
11494,0
11499,0
8351,0
13630,0
11894,1
11817,1
9447,0
10517,0
14582,0
15906,0
9976,0
8530,1
7851,0
16442,1
12653,1
3753,0
13447,1
15895,1
11694,0
8451,1
15259,1
10918,0
7348,1
15015,1
17286,0
15363,1
16427,0
12183,0
2922,0
6509,0
13422,0
13315,1
11735,0
10678,0
5439,1
6520,1
14772,0
4435,0
15514,0
11334,0
13072,1
11098,1
6017,1
13497,0
17408,0
11253,1
1044,0
17639,1
9508,0
7362,0
14747,1
2358,0
2916,1
5377,1
5333,0
11731,0
6859,1
11381,1
9201,0
16506,1
2909,0
929,0
5204,1
17450,1
9656,0
3414,1
3219,0
2234,0
16007,1
13734,1
16096,0
6653,0
10753,1
13584,0
16996,1
14658,0
8814,1
4691,0
12096,1
11491,0
1299,1
6956,1
2756,1
14839,0
806,0
4541,0
8324,0
15620,0
13282,0
16701,1
11810,0
17191,0
4212,1
1842,0
12285,1
2979,1
4940,0
7238,0
11977,1
7613,1
9028,0
8328,1
8432,1
9220,1
3015,1
1512,1
17928,1
6527,0
2393,0
16861,0
9198,1
15121,0
13324,0
13498,1
7282,1
6494,1
2595,0
15443,1
17715,0
8490,0
16243,0
5373,0
15799,0
657,0
11480,0
12428,1
16649,0
455,0
2230,0
12367,0
7757,0
1167,0
1485,0
1815,0
3757,0
11348,1
14733,1
13227,0
12413,1
7201,1
13487,0
17677,0
8282,0
8494,0
93,1
3383,0
12641,1
9569,0
10310,1
3798,0
15432,0
15573,1
16232,1
13041,0
5453,0
3337,1
6539,1
16565,0
13258,1
907,0
1095,1
5141,1
17192,1
1300,0
16341,0
1861,0
14681,1
17737,0
15831,1
75,0
15790,1
14196,0
12004,1
16321,1
8466,1
14728,0
13458,0
16264,1
5771,1
14594,1
8539,1
10907,0
10440,0
4983,1
2714,1
11566,1
10739,1
940,0
16422,1
7226,0
1669,1
13427,0
15533,1
11301,1
7152,0
13270,1
5644,0
4450,0
5753,0
9593,0
9668,0
15102,0
5673,1
7772,0
11979,1
12489,1
11749,1
13564,0
7035,1
9852,0
16446,0
7582,0
16282,0
14645,0
5428,1
16080,1
7410,0
9247,0
12913,0
1186,1
9168,1
14952,0
3586,1
20,0
2309,0
10210,1
15553,0
12705,1
2949,1
16875,0
3945,0
494,0
13795,0
3948,1
12761,0
3046,1
54,0
12406,1
6356,0
4686,1
13735,0
11632,0
15361,1
3914,1
8577,0
16339,0
15120,0
15200,1
2568,1
10255,0
1473,0
5064,1
10960,0
9608,0
580,0
7119,0
100,0
2648,0
8434,1
15972,1
4426,1
9667,0
5966,0
3924,0
1525,0
10467,1
3449,1
17303,0
6582,1
1709,1
6955,0
1138,1
15657,0
16487,1
8414,0
9318,0
921,1
15987,0
9101,1
15737,1
15262,0
4909,1
17823,1
7652,0
5821,1
8951,1
9184,1
17377,1
5484,1
2381,0
6410,0
12741,1
14034,0
7999,1
919,1
7390,1
2094,1
5511,0
16903,0
6896,0
6865,0
7063,1
11036,0
10025,1
814,1
7850,0
15157,1
15726,0
17462,1
17349,0
17075,1
8042,1
6836,1
12109,0
5947,1
3234,0
8071,0
2292,1
5749,0
13822,1
8169,1
47,0
10639,1
50,0
9337,1
8067,0
14654,0
2162,1
16037,0
10461,1
10045,0
5791,1
12011,1
16126,0
169,1
8163,1
14242,0
12135,0
10642,0
12040,0
81,1
7172,1
1495,1
9277,0
14478,1
6684,0
6660,1
915,1
9216,1
12865,0
9749,0
12558,0
2740,0
5501,1
8211,1
13787,1
6128,0
1771,0
8777,0
11477,0
9074,1
2999,1
14552,0
2330,1
10057,1
13938,0
13438,1
1101,0
8487,0
7456,1
8073,1
5331,0
10875,0
13331,0
15458,1
6628,0
164,1
3174,1
17554,0
7255,1
3797,0
15886,0
11989,0
2707,0
17932,1
3298,1
17653,1
608,1
2185,0
3975,0
10723,0
10926,0
1458,1
1410,1
8175,1
7845,1
7111,0
11267,1
13870,1
389,1
10376,0
10164,0
11390,1
5356,0
1247,1
2781,0
16562,1
2639,1
8010,0
16121,0
16154,0
1061,1
11218,1
17383,0
7992,0
660,1
5534,1
11955,0
9546,0
10573,0
12397,0
9507,0
7169,1
2218,1
15318,0
10004,0
10002,0
4298,0
6038,1
3682,1
3999,0
2927,1
11649,0
9160,0
2322,1
16150,0
10543,0
13191,1
3349,0
11433,0
9456,1
9105,0
16395,1
2670,1
17692,0
3196,0
10043,0
12092,0
12844,1
15426,1
13136,0
2488,1
16388,0
15634,1
8222,0
17246,0
16205,1
5014,1
13786,1
9227,0
7688,1
10699,1
8703,1
10041,0
1506,1
15622,1
11444,1
15992,0
8875,1
4594,0
12009,0
8937,1
8782,0
10424,1
17629,0
10470,0
114,1
6621,0
4774,1
17414,0
7176,1
16775,1
5464,1
1347,1
10366,0
15451,1
10080,0
9207,1
6176,1
16958,0
4963,1
12143,0
4713,1
14380,0
16156,1
12578,1
5548,0
16476,0
9530,1
7693,0
13370,0
5929,1
8391,1
9680,0
8627,0
3391,0
8212,0
3465,0
15969,0
7400,0
3425,0
6312,1
12977,0
16501,0
628,0
8562,0
17443,1
1793,1
12684,0
8855,1
11362,1
7804,1
8236,1
17847,1
10408,1
13481,0
5935,1
15163,1
8616,0
6629,1
11863,1
588,1
16287,0
5859,0
8369,0
12689,1
780,1
14068,0
14816,1
8723,1
6138,1
15066,1
1557,1
3790,0
2965,1
13683,0
1432,0
14892,1
14884,0
6578,0
16851,0
951,1
2121,0
15565,1
16411,0
12268,1
4014,0
2056,1
4677,1
3010,1
850,0
7018,0
4334,1
4890,1
10781,0
8760,1
12700,1
16754,0
10910,0
14788,1
5768,0
619,0
16047,0
4211,0
5924,1
6730,1
2042,1
2632,1
4847,1
16867,1
8155,1
13864,0
10259,1
991,1
3592,1
9406,0
13432,0
8462,1
2511,1
4317,0
5444,1
1891,0
511,1
12026,1
13170,1
4203,1
11464,0
15596,0
13811,0
17049,1
12820,1
14426,1
14270,1
16795,0
711,1
6722,0
13340,1
14998,1
4121,0
12815,1
12046,1
15312,0
15756,0
4069,0
15219,1
11770,0
6673,0
5027,1
519,1
11115,1
2702,1
9244,0
2962,0
11525,1
979,0
1233,0
13002,0
16809,0
1516,0
17016,1
4788,0
508,1
17287,0
17219,0
12033,0
10342,0
8206,1
14825,0
3165,1
17962,0
10377,1
15187,0
653,0
16082,1
14966,1
16135,1
5181,0
690,1
8375,0
15569,0
12102,0
13354,1
16946,0
11532,0
7513,0
7996,0
1277,1
5587,0
8994,0
12870,1
13678,0
11570,0
506,1
8445,1
9352,1
8987,0
520,1
7675,1
15656,0
17933,1
1579,0
16802,0
7526,1
15448,1
12552,1
1067,0
13715,0
2669,1
7322,1
3940,1
1154,1
15493,1
17713,0
6906,0
4472,0
17318,0
6574,1
10766,1
4270,0
6759,1
2998,0
3189,0
16483,1
16292,0
2119,0
2879,0
9467,0
17480,1
590,1
5212,1
4872,0
1939,0
6336,0
17690,0
5191,1
13879,1
842,0
125,1
9868,0
11086,0
722,0
264,0
500,1
12488,0
1723,0
15062,1
9095,0
3491,0
13781,0
16216,0
7591,1
1636,0
15534,1
8465,0
13644,0
6970,1
8277,0
5574,0
7489,1
13991,1
7633,0
8568,0
8200,0
3339,1
6695,1
17959,0
1362,0
14895,1
14633,0
7423,0
12150,0
6414,0
13071,1
17422,0
8260,0
8006,0
3287,0
8963,0
2974,1
7890,0
2294,1
4899,0
16064,1
4429,0
13027,0
15386,0
3011,0
17401,0
14033,1
16329,0
5026,0
4041,1
4292,1
11726,1
678,0
15516,1
539,1
9041,1
15144,0
10804,0
11308,1
16541,0
1609,1
237,1
16832,1
9112,0
9679,1
451,1
5400,1
17273,0
4084,0
5546,1
2027,0
1802,0
15575,0
15762,1
6413,0
9480,0
12894,1
1964,0
13443,1
3453,1
7381,1
14783,0
15178,1
3625,0
5289,0
2128,1
12857,0
11806,0
1202,1
11746,0
2795,1
7548,0
4485,1
9756,0
5158,1
12765,0
14489,0
6293,1
15988,0
17510,0
17471,0
15223,0
15298,1
13544,1
7941,0
7525,1
13777,0
2980,1
8454,1
14911,0
1983,0
4304,0
1117,0
2111,0
17434,1
4094,1
10345,0
14985,0
507,1
15494,1
8241,1
12351,1
17396,0
12850,1
2140,0
12077,1
15114,1
17825,1
17824,1
16512,0
11660,1
8928,1
4093,0
9564,0
17321,0
1381,0
6022,0
4672,1
12126,1
16566,1
7796,1
6548,0
5385,0
5210,0
10175,1
5454,0
3389,0
4783,1
11728,0
2505,1
12325,0
9422,0
15029,0
7251,1
2146,1
4900,1
10227,1
14739,1
16712,0
4995,1
6263,0
9218,1
713,0
8606,0
12216,0
7408,1
731,0
4697,0
5338,0
11247,0
11131,1
7080,1
16358,1
5001,0
14448,1
16680,0
4528,0
8900,0
2049,1
3541,0
4902,0
16913,0
12326,1
4816,0
16201,1
9785,0
10005,1
3987,1
7254,0
11199,1
1728,0
16764,0
6794,0
17056,0
9210,1
3791,1
442,1
12695,1
4690,1
13017,0
2993,0
14516,1
8722,1
10146,1
9061,0
3314,0
9473,1
15019,1
6892,0
7815,0
10083,1
5177,1
9692,1
563,0
16394,0
6489,0
7288,0
1286,0
602,1
13572,0
8806,0
12524,0
12628,1
15587,0
2062,1
14403,0
5625,1
3286,0
6820,1
836,1
13169,0
10299,0
2565,1
10919,0
16704,1
8719,0
14385,0
9835,0
16955,0
16041,1
2587,0
16133,1
13614,1
2501,0
12373,0
14738,0
274,1
9832,1
14386,1
15603,1
13888,0
12832,1
9834,1
2085,0
14269,1
10030,1
14363,0
2476,0
12273,0
15752,0
14457,0
4233,1
12981,0
1392,1
16901,1
12403,1
2106,0
13679,1
4038,1
5716,0
10656,0
14470,0
32,1
7474,0
2850,0
12904,0
629,0
14962,0
11625,1
17044,0
9947,0
740,1
2581,1
17164,0
846,1
3279,1
8037,1
15810,0
8610,1
4021,1
15063,0
14657,0
2618,1
14154,0
6132,1
9018,1
565,0
10289,1
3714,1
8274,1
14598,1
5631,1
1330,0
1639,0
2064,0
3300,0
2918,1
12995,1
12732,1
8649,0
7648,0
11073,0
16617,0
5557,0
16749,1
12706,0
3016,0
4982,0
4542,0
11438,0
9879,1
12734,1
12055,0
16277,0
8866,0
10267,0
16319,0
5941,0
2472,0
11304,1
11843,0
3995,0
13577,0
2605,1
10902,0
12974,1
13774,0
4513,1
8419,0
7839,1
2903,1
10776,1
15254,1
8081,1
6713,1
145,0
7852,0
15561,0
11737,1
3996,0
13158,1
865,1
15847,1
15507,0
13546,1
5251,0
6475,0
5894,0
17575,0
11274,1
8435,0
16247,0
16673,1
7269,0
11920,1
437,0
8721,0
17767,1
15805,0
10801,0
15327,1
8506,1
3741,0
9837,1
8238,1
1656,1
1628,0
1659,0
12982,0
6642,1
8696,0
15143,0
17537,0
46,1
3078,1
5066,0
15875,1
5495,0
15245,0
7117,1
3920,0
3221,0
3834,1
3537,0
12816,1
3257,0
15092,1
13362,0
17188,1
16012,0
2973,1
13243,0
9103,1
14296,1
15012,1
8968,1
578,0
10800,1
3649,1
10663,1
1534,1
4861,0
7051,0
16400,1
7727,1
11163,0
465,1
983,1
7556,1
8053,1
7030,0
12193,0
13305,0
15590,0
4074,0
6735,0
14698,1
4629,0
16631,0
8690,0
14949,1
6511,1
14804,0
11524,1
1166,0
7909,0
17028,1
5850,0
15169,1
1947,1
2387,0
10653,0
10925,1
1496,0
16234,0
13281,1
148,0
3133,1
6687,1
16433,0
962,1
17371,1
11830,1
12631,1
8342,1
181,1
17859,0
6113,0
6329,0
13367,1
1042,1
83,1
16539,1
12487,0
1560,0
5130,1
14507,1
10386,0
257,0
4712,0
11033,0
7610,0
3806,1
12960,0
5231,0
372,1
7358,0
14299,0
1517,1
17592,1
1644,0
10889,0
1667,1
17550,0
13482,1
4343,0
11984,1
4443,0
12627,0
12277,1
13925,1
14847,0
9079,0
14252,1
859,0
3713,1
9090,0
15956,1
8666,1
7588,1
9017,0
14059,1
8203,0
13101,1
13219,0
8653,1
10073,1
12278,1
14329,1
16948,0
16641,1
2696,1
6917,1
2622,0
15846,1
15817,1
3497,1
16379,0
7508,1
179,1
1621,0
1849,0
4747,0
14953,0
13503,1
6373,0
2991,0
1809,1
4561,0
6456,0
13068,0
5706,0
611,1
11825,1
9193,1
3748,1
10093,1
6641,1
7374,1
8205,1
11198,1
7780,1
16071,1
6277,1
13465,1
14502,1
15138,1
1724,0
3622,0
9469,0
5669,1
13728,0
677,0
2583,0
10868,0
12779,0
14072,1
7528,1
4598,1
10244,0
9815,1
12934,1
17043,0
17502,0
1068,1
13259,0
17398,0
5121,0
13732,1
3614,0
10644,0
4894,0
17041,0
11565,1
2061,0
2072,1
15510,0
9440,0
374,1
6057,1
17650,0
16185,1
1933,0
14313,1
7100,0
1384,1
4196,0
15234,0
14306,1
6041,0
364,1
4462,1
6623,0
5992,0
7096,0
12352,1
7470,1
7188,0
10519,0
16386,0
913,0
16383,1
1016,1
16129,1
1216,1
11677,1
4104,1
12388,0
10196,1
1691,0
17142,0
16485,1
10159,1
3936,1
7707,0
8602,1
7833,0
13661,0
4945,1
1623,0
649,0
2307,1
15661,0
909,1
10001,1
8593,1
5881,0
3808,0
3913,0
2845,1
11076,1
10492,0
12091,1
10241,1
14037,1
10503,0
1063,1
6376,0
16481,1
7995,0
8547,0
1682,1
6440,0
5948,0
8787,1
11148,1
16454,0
17853,0
16314,1
5010,0
15037,1
14760,0
4980,0
1769,0
17664,0
8619,1
11300,0
17819,1
13293,1
12239,0
5717,0
10632,1
3693,1
10156,0
10324,1
12986,0
6902,0
11729,0
11242,1
13121,1
6078,0
963,1
13886,1
7775,0
15694,0
11298,1
17411,0
11069,1
15889,0
12486,0
16056,0
2585,1
1103,0
14508,0
11074,0
3393,0
16062,1
6306,0
12204,1
10953,1
11111,0
15856,1
16391,0
12058,1
5767,1
6901,1
12781,0
5055,1
5250,0
7968,0
12730,1
10522,0
1575,1
15276,0
12856,0
1346,1
8001,0
7808,1
6888,1
4984,1
2950,1
12675,0
15731,1
12164,0
7020,1
2819,1
10202,1
16078,0
2960,1
17181,0
17720,0
4644,1
3689,0
9073,1
12159,0
6123,1
11355,1
1328,0
13441,0
7786,1
11960,1
13945,1
10446,0
13151,1
8536,1
2957,0
2769,1
15646,1
1640,1
171,0
13914,1
17508,0
2379,1
12303,1
3247,0
1398,1
8773,0
795,1
4359,0
3043,1
7421,0
365,0
14919,0
8072,0
12323,1
7453,1
11489,1
3162,1
11275,1
14677,0
15403,0
3246,0
10647,0
11249,1
2826,1
8433,1
976,1
8463,1
10546,0
3348,1
1515,0
10288,1
6292,0
6378,1
9138,0
17152,0
12329,1
5088,0
15031,0
15551,1
12687,0
2108,0
2139,1
8204,0
7199,1
7103,0
7133,0
4888,1
4517,1
6322,0
16184,1
9434,0
17021,0
17540,0
6194,1
8586,1
9330,0
2343,0
7859,1
15599,1
5732,1
17583,0
4441,1
463,0
16087,1
14590,0
14174,0
15814,0
17221,0
16413,0
13951,0
5005,0
16531,0
4051,1
14246,0
1868,1
7351,0
3947,0
14887,1
988,1
17567,0
17765,1
3082,0
7049,0
4319,1
5284,0
7611,0
12964,0
1429,1
8580,1
6485,1
12457,0
427,0
1657,1
7873,1
16986,1
15566,1
6275,0
7301,0
11611,0
6965,1
8313,0
16742,0
10046,1
5508,0
13668,0
5758,0
7273,0
8501,0
17787,0
10872,1
1255,0
769,1
10845,0
5370,1
4291,0
2273,1
5308,0
8276,1
12560,0
6360,0
10983,1
1819,1
3169,0
8740,0
12471,1
4586,1
1997,1
3862,1
17253,0
4253,0
17909,0
11832,0
16613,1
3888,0
3813,0
3158,0
17913,1
15968,0
13801,0
9425,1
3440,1
8387,0
10472,1
8039,0
12169,0
13126,1
16708,0
9583,1
6296,0
13948,1
4550,1
6922,1
9289,0
15930,1
13450,1
12089,0
17940,1
7143,0
17747,1
15079,0
6134,1
10257,0
14536,1
14254,0
12622,0
13045,0
11213,1
8934,0
9618,1
6445,1
13496,1
14641,0
16294,0
14079,0
14042,1
17368,1
11775,0
7692,1
9676,0
9428,0
16609,1
14352,0
4915,0
8829,1
9957,0
10300,0
113,1
11946,0
16070,0
111,1
5099,0
17684,1
13314,1
194,0
6699,0
2686,0
4447,0
8178,0
7090,0
12270,0
459,0
11354,0
3604,0
4410,1
10216,1
2471,0
6688,1
13759,1
4379,1
14910,0
11633,0
1642,0
8672,1
13462,0
15166,0
17817,0
12863,1
11070,0
3548,0
4512,0
3069,1
3237,1
8097,0
8288,1
16048,0
9479,0
7685,1
17175,0
11682,1
16894,0
12163,1
5970,0
13057,0
7146,1
9029,0
14294,0
1342,1
959,1
3217,0
12450,0
3528,1
5089,0
9252,0
4862,1
12635,1
13118,0
5348,1
6435,1
10941,1
10590,1
17617,0
8254,1
5570,1
1836,0
7471,1
13517,1
15674,1
12447,0
14223,1
5959,0
3544,1
1788,1
17045,1
7074,1
14987,1
2095,1
9646,0
16462,0
1665,1
7211,1
12909,0
3258,0
12196,0
10058,1
9110,1
11312,1
4358,1
9936,1
14560,1
2611,0
15861,0
10707,1
10780,0
17616,1
15246,1
4143,0
17563,1
4986,0
6411,0
4675,0
16382,0
15088,1
13325,1
6680,0
17151,0
2036,1
9094,1
7313,1
7825,0
14785,1
8695,0
6073,0
7004,1
14903,0
14607,0
5349,0
12871,0
2335,1
11710,1
8329,1
9387,0
9254,0
1587,0
3992,1
6541,1
8101,1
1355,1
16470,0
14234,0
15753,1
185,1
7989,0
3707,0
14420,1
15446,1
10316,1
14936,1
13341,1
556,1
7955,0
13883,0
8938,0
4001,1
431,1
2679,1
15911,0
6425,1
17785,1
1271,1
12596,1
13954,1
6046,0
13344,0
13099,0
6036,0
964,0
10851,0
10731,0
7162,0
11828,1
2861,0
3870,0
16084,1
5699,1
132,0
17893,1
13140,0
2558,0
3020,0
15548,0
2800,1
5357,1
178,0
15418,0
9398,0
422,0
10369,0
17850,0
9713,1
12634,0
9102,0
17145,1
13749,0
17259,0
3941,1
16600,0
13547,0
14121,0
4883,0
5544,0
2545,0
9449,0
11678,1
6147,1
5361,1
207,0
15909,1
13228,1
4163,1
316,1
16849,1
2852,1
11545,1
8688,1
11346,1
16833,0
8266,0
15838,0
16831,1
7910,0
9797,0
3926,0
17736,1
12434,0
4971,0
11053,0
8047,1
9789,0
9060,0
13444,0
11738,1
10933,1
2200,0
3518,0
729,1
11122,1
15045,1
2101,0
10485,1
15660,0
10256,1
9531,1
4552,1
13593,0
2069,0
1887,1
2853,0
3965,1
15237,1
15099,0
1755,1
12756,0
12208,1
315,1
783,1
6136,1
4627,1
5795,0
14533,1
5543,0
3802,0
11457,0
16876,1
3380,1
10846,1
17632,1
2423,0
3551,1
15269,1
231,1
17968,0
881,0
6540,1
14609,0
8159,0
217,1
4406,1
8467,0
7052,1
3368,0
7679,1
1380,1
3944,1
6964,1
308,1
15115,1
2171,1
4653,0
14397,1
14115,1
12086,0
1049,0
15195,0
6752,1
4178,0
14799,0
4880,0
4568,1
5786,1
16498,1
5944,0
11521,1
13414,0
14438,0
13833,1
