,sex,age,race,priors_count,c_charge_degree,score_text,two_year_recid
0,1,24,0,3,0,1,0
1,0,51,1,1,0,1,1
2,1,39,1,1,1,1,0
3,1,22,1,2,0,1,1
4,1,50,1,9,0,2,1
5,1,24,0,1,0,2,0
6,0,29,0,3,1,0,0
7,0,35,1,1,1,2,0
8,1,32,1,2,1,2,0
9,1,22,0,4,1,2,0
10,1,26,1,0,0,0,0
11,1,27,0,3,0,2,1
12,1,26,1,9,0,0,0
13,1,28,1,5,0,2,1
14,1,27,1,10,0,0,1
15,1,43,1,0,0,1,0
16,1,29,1,2,0,1,1
17,0,23,1,0,0,1,0
18,1,24,0,1,0,0,1
19,1,54,1,1,0,1,0
20,1,24,0,6,0,0,0
21,1,24,0,24,1,2,0
22,0,44,1,0,0,1,0
23,1,48,1,1,0,1,0
24,1,23,0,2,1,2,0
25,1,32,0,19,0,0,1
26,1,38,0,10,0,0,1
27,0,26,0,4,1,0,0
28,1,50,1,3,0,1,0
29,1,27,1,13,1,2,0
30,1,31,1,1,0,1,1
31,1,21,0,0,0,0,0
32,1,42,0,0,0,1,0
33,1,45,1,0,1,1,0
34,0,43,0,0,0,1,0
35,1,34,0,3,0,0,1
36,1,36,0,4,1,2,1
37,1,43,1,1,0,1,1
38,1,39,1,14,0,0,1
39,1,30,1,5,1,1,1
40,1,28,0,1,1,2,1
41,1,34,0,2,0,1,1
42,1,27,0,0,0,0,1
43,1,20,1,2,0,2,0
44,1,55,1,1,1,1,0
45,1,27,0,1,0,0,1
46,1,20,0,7,0,0,1
47,1,26,0,2,0,2,1
48,1,32,0,0,1,1,0
49,1,22,0,10,0,2,1
50,1,21,0,6,0,0,1
51,1,33,1,8,0,0,1
52,1,21,0,3,1,1,0
53,1,53,1,0,1,2,1
54,1,34,0,0,0,0,0
55,1,25,0,10,0,0,1
56,1,52,0,0,1,0,1
57,1,31,0,1,0,1,0
58,1,45,1,1,0,2,1
59,1,22,1,7,1,2,0
60,1,30,0,1,0,1,0
61,1,56,1,0,0,1,0
62,1,33,1,8,0,1,1
63,1,33,1,2,1,2,1
64,1,29,0,8,0,1,0
65,1,31,0,3,0,0,1
66,1,50,1,0,0,1,1
67,1,59,1,0,0,1,0
68,1,37,0,1,0,1,0
69,0,41,0,3,0,2,0
70,0,28,0,0,1,1,0
71,1,26,0,12,0,2,0
72,1,24,1,3,0,2,1
73,0,50,0,1,0,1,0
74,0,28,0,5,1,2,0
75,0,31,0,9,1,2,0
76,0,50,0,6,0,1,0
77,0,25,0,1,0,2,1
78,1,36,0,10,0,0,1
79,0,20,1,0,0,1,0
80,1,59,1,0,0,1,1
81,1,26,0,4,0,0,1
82,1,25,0,17,0,0,0
83,1,46,0,0,0,1,0
84,1,28,0,5,0,2,0
85,1,25,0,1,1,1,1
86,1,28,0,2,0,2,0
87,0,21,0,4,0,0,1
88,1,21,0,6,1,0,1
89,0,22,0,2,1,1,0
90,1,37,0,0,0,1,0
91,1,44,1,1,0,1,0
92,1,37,1,0,1,1,0
93,1,30,0,0,1,1,1
94,0,30,1,0,0,1,0
95,1,50,1,5,1,1,0
96,1,27,0,0,0,2,0
97,1,51,0,23,0,2,1
98,1,63,0,15,0,0,0
99,0,27,1,0,1,1,0
100,0,42,1,4,1,1,0
101,1,23,0,1,0,0,1
102,1,33,1,0,1,1,0
103,1,59,0,7,0,2,1
104,0,55,1,3,1,1,1
105,1,61,1,23,1,2,1
106,1,22,1,0,0,2,1
107,1,23,0,2,0,1,1
108,1,55,0,2,0,1,0
109,1,34,1,1,1,1,0
110,1,26,1,2,0,2,0
111,1,40,1,7,0,2,0
112,1,42,1,5,0,1,0
113,1,44,1,3,1,0,0
114,1,22,0,9,0,0,1
115,0,55,0,9,1,0,1
116,0,42,0,0,1,1,0
117,1,31,1,1,0,1,1
118,1,27,0,1,0,1,1
119,1,22,1,27,0,0,1
120,1,60,0,3,0,1,0
121,1,23,0,3,0,2,1
122,1,63,0,0,1,1,0
123,1,47,1,0,1,1,0
124,1,30,1,0,1,1,0
125,1,63,0,1,0,1,0
126,0,34,0,0,0,1,0
127,1,41,0,1,0,1,0
128,1,28,0,0,0,1,1
129,0,34,1,2,1,1,0
130,1,31,0,13,1,0,1
131,1,29,0,3,1,2,1
132,1,44,1,2,0,1,1
133,0,25,0,0,1,2,0
134,0,25,0,3,1,2,0
135,0,31,1,5,1,1,0
136,0,29,0,0,0,1,0
137,1,21,1,0,0,1,1
138,1,31,1,0,1,2,1
139,1,26,0,7,1,2,1
140,1,27,1,0,0,2,0
141,1,28,0,7,0,0,1
142,1,27,0,10,1,2,1
143,0,45,1,2,1,1,0
144,0,50,1,1,1,1,0
145,0,34,1,0,1,1,0
146,1,45,1,17,0,1,1
147,1,26,0,8,1,2,1
148,0,66,1,1,0,1,0
149,1,23,0,1,1,1,0
150,0,44,0,3,0,1,0
151,1,38,1,2,1,0,1
152,1,36,1,0,0,1,1
153,1,26,0,4,1,1,1
154,0,20,0,0,1,1,0
155,1,41,1,3,1,1,0
156,1,37,0,0,0,2,0
157,1,26,0,2,1,1,0
158,1,21,0,3,0,0,1
159,1,32,0,0,0,1,0
160,1,26,0,0,1,1,0
161,1,35,0,5,1,2,1
162,0,24,0,5,0,2,1
163,0,42,0,2,0,2,0
164,0,36,1,0,0,2,0
165,1,29,0,1,0,2,1
166,1,32,1,5,0,0,1
167,1,24,0,0,0,1,0
168,1,49,1,2,0,0,1
169,1,27,0,2,0,2,0
170,1,25,0,9,1,2,1
171,1,33,0,11,0,0,0
172,0,41,0,0,1,2,0
173,1,21,0,6,0,0,1
174,1,36,1,3,1,1,0
175,1,42,0,4,1,1,1
176,0,46,0,7,0,2,0
177,1,25,0,2,0,0,1
178,1,24,0,11,0,2,1
179,0,34,1,3,0,2,0
180,1,47,0,3,1,1,0
181,1,24,0,13,0,2,0
182,1,23,1,0,0,1,0
183,1,40,1,0,0,1,0
184,0,30,0,3,1,2,0
185,1,33,0,11,0,2,1
186,1,50,0,2,0,0,1
187,1,52,0,10,1,0,0
188,1,31,0,2,0,2,0
189,0,34,1,2,0,1,0
190,1,29,0,12,1,0,1
191,1,23,0,8,0,2,0
192,1,37,0,2,0,2,0
193,1,59,1,1,0,1,0
194,1,60,0,0,1,1,0
195,1,35,0,1,0,1,0
196,0,36,0,0,0,2,1
197,1,27,0,0,1,1,0
198,0,45,1,0,0,2,0
199,1,46,0,6,0,2,1
200,0,45,1,0,0,1,1
201,1,33,0,0,1,2,1
202,1,27,0,11,1,2,1
203,1,24,0,5,1,1,1
204,1,30,0,1,0,1,0
205,1,31,0,3,0,2,0
206,1,25,1,11,0,2,1
207,0,32,1,2,0,0,0
208,1,28,0,0,0,0,1
209,1,23,0,37,0,0,1
210,1,41,0,2,0,2,1
211,1,56,1,9,0,1,0
212,1,27,0,7,1,1,1
213,0,33,1,1,1,1,0
214,1,36,0,8,0,0,1
215,1,33,0,3,0,1,1
216,1,37,0,8,0,2,1
217,1,25,0,10,0,2,1
218,1,22,0,0,0,1,0
219,0,30,1,5,0,0,0
220,0,25,0,1,1,0,1
221,1,27,0,5,0,0,1
222,1,60,1,3,0,1,1
223,1,20,0,1,0,2,1
224,1,26,0,10,0,0,1
225,1,21,0,21,0,2,1
226,0,24,1,16,0,2,1
227,1,28,1,13,0,1,1
228,1,37,1,1,0,1,0
229,1,40,1,0,1,1,0
230,1,44,0,3,0,1,1
231,1,44,1,0,1,1,0
232,1,29,0,9,0,0,1
233,1,56,0,12,1,0,0
234,1,26,1,0,1,1,0
235,1,30,1,0,1,2,1
236,1,24,0,5,0,2,1
237,0,27,1,1,0,2,0
238,0,21,0,1,0,2,1
239,0,29,0,13,1,2,0
240,1,44,1,6,0,2,0
241,1,56,1,2,0,1,0
242,1,53,0,1,1,1,0
243,1,30,0,0,0,0,0
244,0,43,1,6,0,1,0
245,0,28,0,0,0,1,1
246,1,20,1,0,0,1,1
247,1,27,0,0,0,0,0
248,1,20,1,3,0,1,1
249,1,42,0,3,0,2,1
250,1,27,1,5,1,2,1
251,1,46,0,0,1,1,0
252,0,30,0,18,1,0,1
253,0,33,0,1,0,1,0
254,1,34,1,3,0,1,1
255,1,29,0,0,1,1,0
256,1,27,0,1,0,1,0
257,0,19,0,5,0,0,1
258,1,20,0,4,0,0,1
259,1,22,0,13,0,0,1
260,1,31,0,15,1,0,1
261,1,31,1,3,1,1,0
262,1,45,0,1,0,1,0
263,1,55,0,19,0,0,1
264,1,21,1,11,0,2,1
265,1,21,1,1,0,0,1
266,1,35,1,0,1,1,0
267,1,57,0,1,0,1,0
268,1,30,0,5,0,2,0
269,1,51,0,1,0,1,0
270,1,47,1,16,0,0,1
271,1,37,1,3,0,1,0
272,1,55,1,0,1,1,0
273,0,33,1,4,1,2,1
274,0,39,1,0,0,1,0
275,1,23,0,5,0,0,0
276,1,48,0,8,0,0,1
277,1,30,1,5,1,1,0
278,0,33,0,0,0,0,1
279,1,49,0,0,0,1,0
280,1,39,0,10,1,0,1
281,1,21,0,12,0,0,1
282,0,74,1,3,1,1,0
283,1,64,0,1,0,1,0
284,1,26,0,4,1,0,1
285,1,28,0,1,0,0,0
286,0,23,0,6,0,2,0
287,1,50,1,0,1,2,0
288,1,24,0,24,0,0,1
289,1,28,0,10,0,2,0
290,0,40,0,1,1,2,0
291,1,20,0,8,0,0,1
292,1,56,1,0,1,1,1
293,1,27,1,10,0,2,1
294,1,25,1,0,0,1,0
295,1,32,0,2,0,1,0
296,1,51,1,0,0,1,1
297,1,24,1,0,1,1,0
298,1,55,0,2,0,1,1
299,1,47,1,0,0,1,0
300,1,31,0,2,0,1,0
301,1,22,0,2,0,0,0
302,0,22,0,0,0,1,0
303,0,21,0,1,0,1,0
304,1,36,1,2,1,1,0
305,1,21,0,10,0,0,0
306,1,24,0,0,1,1,0
307,1,23,0,6,0,2,1
308,0,75,1,0,1,1,0
309,0,27,0,1,0,1,0
310,1,43,1,9,0,1,1
311,1,28,0,4,0,0,1
312,0,74,0,0,0,2,0
313,1,46,1,1,1,2,0
314,1,50,0,1,0,1,1
315,1,62,1,0,1,1,0
316,1,26,1,3,1,2,1
317,0,23,0,12,0,0,1
318,1,30,0,8,0,0,1
319,1,69,1,1,0,1,0
320,1,43,0,8,0,2,1
321,1,31,1,4,0,1,0
322,1,23,0,38,0,2,0
323,1,30,0,0,1,1,0
324,1,59,1,4,0,2,1
325,1,44,0,2,0,1,1
326,1,22,0,6,0,0,1
327,0,22,0,0,0,2,1
328,1,23,1,6,0,2,1
329,1,23,0,10,0,1,0
330,0,25,0,1,1,2,1
331,1,21,0,12,0,2,0
332,1,23,0,1,0,2,1
333,1,24,0,11,0,2,1
334,1,27,1,1,0,2,1
335,1,21,0,1,0,2,0
336,1,56,0,3,0,1,0
337,1,46,0,4,0,1,0
338,1,52,1,1,1,1,0
339,0,52,1,2,0,1,0
340,1,43,0,7,1,2,1
341,1,24,0,1,1,1,1
342,1,53,0,0,0,1,0
343,1,32,1,5,0,2,0
344,1,58,0,5,1,2,0
345,1,25,0,0,1,2,1
346,1,22,0,9,0,2,1
347,0,54,1,0,1,1,0
348,1,52,0,1,0,1,0
349,1,39,0,0,0,1,0
350,1,26,1,0,0,1,1
351,1,29,0,1,0,1,1
352,1,36,1,0,1,1,1
353,1,33,1,1,1,1,0
354,1,54,0,0,0,2,0
355,1,57,1,0,0,0,0
356,1,53,0,3,0,1,0
357,1,40,0,1,0,1,0
358,1,34,1,5,0,2,0
359,1,32,0,4,0,1,0
360,1,20,0,19,0,2,1
361,1,41,1,0,1,1,0
362,1,21,0,0,1,0,1
363,1,21,0,2,1,0,0
364,1,35,0,3,0,1,1
365,1,20,0,1,1,1,0
366,1,33,0,6,0,2,0
367,0,33,1,1,0,1,1
368,1,28,0,4,0,2,0
369,0,37,0,2,0,1,0
370,0,33,1,0,1,1,1
371,1,34,0,7,0,1,0
372,1,26,0,5,0,0,1
373,1,48,0,12,0,0,1
374,1,21,0,15,0,2,1
375,1,26,0,0,0,2,0
376,1,24,0,0,0,1,1
377,0,42,0,7,0,1,1
378,1,27,0,13,0,2,1
379,1,20,0,3,0,1,0
380,0,24,0,1,0,2,1
381,1,21,0,1,1,2,1
382,1,33,0,2,0,1,1
383,1,25,1,0,0,2,0
384,1,47,1,0,0,1,0
385,1,47,1,7,1,1,0
386,0,29,1,0,0,2,0
387,1,38,1,7,0,2,1
388,1,31,0,7,0,1,1
389,0,53,0,1,1,1,1
390,1,51,0,2,1,2,0
391,1,49,0,5,0,0,0
392,1,33,0,19,1,0,1
393,1,45,0,1,1,1,0
394,1,28,0,6,0,2,1
395,1,37,0,1,0,1,1
396,1,50,0,2,1,1,0
397,1,42,0,4,0,1,0
398,1,24,0,0,1,2,1
399,1,35,0,8,0,1,0
400,1,30,0,8,0,0,0
401,1,31,0,0,0,1,1
402,1,21,0,0,1,2,1
403,1,56,1,4,0,1,0
404,1,24,0,0,0,2,1
405,0,20,0,1,0,2,0
406,1,20,0,1,0,2,0
407,1,50,1,0,0,1,1
408,0,23,1,1,1,1,0
409,1,50,1,1,0,1,1
410,0,31,1,1,1,0,1
411,0,44,1,6,0,0,0
412,1,47,0,5,1,1,1
413,1,30,0,1,1,1,1
414,1,31,1,2,1,2,1
415,1,25,1,20,0,0,1
416,0,29,0,35,0,0,1
417,0,48,0,7,0,2,1
418,1,48,1,0,0,1,0
419,1,53,1,2,1,1,0
420,1,30,0,9,0,0,1
421,1,23,0,13,0,2,1
422,1,56,1,1,0,1,0
423,1,24,0,13,0,0,1
424,1,23,0,6,0,2,0
425,1,24,0,1,0,2,0
426,1,53,1,1,0,2,0
427,1,30,0,17,0,0,1
428,1,20,0,2,1,2,1
429,1,21,0,8,0,2,0
430,1,30,0,0,0,1,1
431,0,27,1,0,1,1,0
432,1,56,0,7,0,0,0
433,1,34,1,5,1,2,0
434,1,37,0,8,0,0,0
435,0,30,0,1,0,1,0
436,1,21,0,4,1,0,0
437,1,21,0,8,0,0,0
438,0,38,1,3,1,2,1
439,1,31,1,0,1,1,1
440,0,25,1,6,0,2,1
441,1,35,0,5,0,1,1
442,1,37,1,0,1,1,0
443,1,25,1,3,0,1,0
444,1,36,0,0,0,1,0
445,1,24,0,14,0,2,1
446,0,45,1,3,0,2,1
447,1,40,0,5,0,2,1
448,0,35,0,0,1,2,1
449,0,51,1,0,1,1,0
450,1,30,1,1,0,1,1
451,1,57,1,1,1,2,0
452,1,24,1,0,0,0,1
453,1,22,1,6,0,2,1
454,1,52,0,1,0,2,1
455,1,28,0,5,0,0,1
456,1,28,0,2,1,0,1
457,1,25,1,16,0,0,1
458,0,22,0,1,0,2,0
459,1,34,1,0,0,1,0
460,0,46,1,1,1,1,0
461,1,24,0,2,0,2,1
462,1,26,1,11,1,0,1
463,1,43,0,9,1,2,0
464,1,20,0,2,0,1,1
465,1,35,1,0,0,1,0
466,1,53,1,0,1,1,0
467,1,25,0,2,0,1,0
468,1,25,0,21,0,0,1
469,1,21,1,4,0,0,1
470,1,45,0,0,0,2,0
471,0,22,1,0,0,1,1
472,1,29,0,0,0,0,0
473,0,51,1,3,0,0,0
474,1,28,0,7,1,1,0
475,1,61,0,0,0,2,1
476,0,36,0,1,0,0,0
477,1,31,0,2,0,1,0
478,1,37,1,0,1,1,1
479,1,33,0,8,0,2,1
480,1,30,0,3,0,2,1
481,1,28,1,4,0,1,0
482,1,24,0,1,0,0,1
483,0,25,0,2,0,1,0
484,1,40,1,7,1,1,0
485,1,54,1,0,0,1,0
486,1,36,0,13,0,1,0
487,1,55,1,5,0,1,1
488,0,47,1,0,1,1,0
489,1,20,1,0,1,1,1
490,1,42,0,8,0,2,0
491,1,37,0,1,1,2,0
492,1,31,0,5,0,0,1
493,1,31,1,3,0,1,0
494,1,21,1,0,0,2,1
495,1,29,0,0,0,1,0
496,1,30,1,1,0,2,0
497,0,37,0,2,1,0,1
498,1,51,0,17,0,1,0
499,1,41,1,8,1,2,0
500,0,49,1,2,0,1,1
501,1,56,1,0,0,1,0
502,0,37,0,0,1,0,0
503,1,30,0,0,0,2,1
504,1,42,1,1,0,1,1
505,1,21,1,1,0,0,0
506,1,27,0,1,1,2,0
507,1,27,1,0,1,1,0
508,1,49,1,3,0,1,0
509,1,25,0,19,0,0,0
510,1,63,1,0,0,1,0
511,1,39,0,0,0,1,0
512,1,61,1,0,0,1,0
513,1,31,1,1,0,1,1
514,1,26,0,1,0,1,1
515,1,26,1,5,0,0,1
516,1,25,0,1,0,1,1
517,1,44,0,2,1,1,1
518,0,30,1,1,1,2,0
519,1,50,0,0,1,1,0
520,0,27,0,16,0,2,0
521,0,47,0,1,0,2,1
522,1,27,0,12,0,2,1
523,1,36,0,18,0,0,1
524,1,39,0,15,0,1,0
525,1,53,0,6,0,0,0
526,1,22,1,0,0,2,1
527,0,30,1,0,1,1,0
528,0,52,0,0,1,1,0
529,1,32,1,4,0,2,0
530,1,22,0,7,1,2,0
531,1,36,0,0,1,1,0
532,0,24,0,6,1,2,0
533,0,33,0,0,0,2,1
534,1,70,1,0,1,1,0
535,1,35,0,1,0,1,0
536,0,36,0,0,1,1,0
537,1,31,1,4,1,1,1
538,1,43,1,2,0,2,0
539,1,29,0,2,1,2,0
540,1,29,0,0,0,1,0
541,1,44,0,4,0,0,1
542,0,30,0,1,0,2,1
543,1,33,0,0,1,0,0
544,0,51,0,0,1,1,0
545,1,24,0,1,0,1,0
546,1,27,0,0,0,1,0
547,1,29,1,7,0,1,1
548,1,63,1,0,1,1,0
549,1,42,0,4,0,1,1
550,1,27,0,7,0,2,0
551,0,44,1,2,1,1,1
552,1,27,0,8,0,2,1
553,0,47,0,2,0,1,0
554,1,26,0,7,1,1,1
555,0,43,0,12,1,0,1
556,1,25,1,3,1,2,1
557,1,34,1,2,0,2,0
558,0,70,1,0,0,1,0
559,1,37,0,8,0,0,0
560,1,32,1,4,0,0,1
561,1,24,1,1,0,1,0
562,0,53,0,0,1,1,0
563,1,32,0,13,0,0,1
564,1,30,0,17,0,0,1
565,1,28,0,1,1,1,0
566,1,34,0,1,1,2,0
567,1,25,0,2,0,2,1
568,0,24,1,8,1,1,0
569,1,54,0,4,0,1,1
570,1,44,1,0,1,1,0
571,1,27,0,13,0,0,1
572,1,29,0,0,0,2,0
573,1,51,0,23,0,0,1
574,0,24,1,6,1,1,0
575,1,41,0,3,0,1,0
576,0,24,0,1,0,1,0
577,1,25,1,5,0,0,1
578,1,49,1,0,1,1,0
579,1,20,0,5,0,0,0
580,1,52,1,1,0,1,0
581,1,26,0,16,0,0,0
582,1,24,0,1,1,1,1
583,1,48,0,10,0,1,0
584,1,30,0,12,1,0,1
585,1,21,1,3,0,1,0
586,0,24,0,5,0,0,0
587,1,57,1,5,1,1,0
588,1,29,0,5,0,0,1
589,1,30,0,13,0,0,1
590,1,60,1,1,0,2,0
591,1,50,1,4,1,1,0
592,0,43,0,0,1,1,0
593,1,27,1,3,1,1,1
594,0,21,1,6,0,2,0
595,0,32,1,0,0,1,1
596,0,54,1,2,0,1,0
597,1,32,1,6,0,1,1
598,1,26,0,1,1,1,0
599,0,29,0,0,1,1,0
600,1,23,0,2,0,2,1
601,1,26,1,0,1,1,0
602,1,46,1,0,1,1,0
603,1,47,1,0,1,1,0
604,0,30,0,0,1,0,1
605,1,58,0,2,1,1,1
606,1,56,0,1,0,1,1
607,1,35,0,5,0,1,1
608,0,44,1,0,1,1,0
609,1,23,0,3,0,2,1
610,1,37,0,1,1,1,0
611,1,20,0,2,0,1,0
612,1,27,1,22,0,0,1
613,1,55,0,7,1,2,1
614,0,40,1,0,1,1,0
615,1,38,1,8,0,2,0
616,0,64,0,35,0,1,0
617,1,32,0,1,0,1,0
618,1,25,0,0,0,2,0
619,1,54,1,6,0,2,0
620,0,22,0,2,0,2,1
621,1,39,0,15,0,0,1
622,0,26,1,0,0,1,1
623,1,38,1,3,1,1,1
624,1,33,0,2,1,1,0
625,1,23,0,12,0,2,1
626,1,23,0,0,0,1,0
627,1,23,0,0,1,1,0
628,1,39,0,9,0,0,0
629,1,35,0,2,1,0,0
630,1,25,0,1,0,1,0
631,1,44,1,7,0,1,1
632,1,25,0,24,0,2,0
633,0,24,1,0,1,2,1
634,0,28,0,3,0,1,0
635,1,52,1,7,0,0,0
636,0,28,1,0,1,1,0
637,1,33,1,0,0,1,0
638,1,24,1,0,0,2,0
639,1,37,0,21,0,2,1
640,1,26,0,2,0,2,0
641,1,49,1,2,1,1,1
642,1,29,0,6,1,2,1
643,1,26,0,2,0,1,1
644,1,26,0,11,1,0,1
645,1,44,0,0,1,1,1
646,0,50,1,0,1,1,0
647,1,45,1,0,0,1,0
648,1,39,0,1,1,1,0
649,1,27,1,8,0,1,0
650,1,24,1,0,1,1,1
651,1,25,1,0,1,1,0
652,1,20,0,14,0,0,1
653,1,56,1,2,0,1,1
654,1,20,1,10,0,1,1
655,0,30,0,1,0,1,0
656,1,30,0,3,0,2,1
657,1,52,1,0,1,2,0
658,0,27,0,1,1,2,1
659,0,25,0,12,0,1,0
660,1,21,1,1,0,2,0
661,0,27,0,5,0,1,0
662,1,33,0,6,0,2,1
663,1,27,0,10,0,1,1
664,1,39,1,1,1,1,0
665,1,22,0,5,0,2,1
666,1,27,0,0,0,0,1
667,1,22,0,2,0,0,0
668,1,26,0,27,0,0,1
669,0,32,0,2,1,1,0
670,0,22,0,4,1,0,1
671,1,36,1,2,0,1,0
672,1,21,1,0,0,2,1
673,1,34,0,2,0,0,0
674,1,36,1,2,1,1,1
675,1,21,1,0,0,1,0
676,1,36,0,0,0,2,1
677,1,26,0,1,0,2,0
678,1,26,0,9,0,0,1
679,0,25,0,4,1,1,0
680,1,22,1,1,1,1,1
681,1,22,0,9,0,0,1
682,1,43,0,0,0,1,0
683,1,33,1,5,0,2,1
684,0,24,1,1,1,1,0
685,1,25,1,9,1,0,1
686,1,23,0,24,0,0,0
687,0,54,0,3,0,1,0
688,1,22,0,11,0,0,1
689,1,26,0,1,0,1,0
690,0,25,0,9,0,2,1
691,1,40,1,8,1,0,1
692,1,20,0,2,0,1,0
693,0,26,0,1,0,2,0
694,1,39,0,0,1,2,1
695,1,53,1,17,0,1,0
696,0,51,1,2,0,1,0
697,1,31,1,2,1,1,1
698,1,27,0,5,1,2,1
699,1,32,0,0,0,0,0
700,1,28,1,2,1,2,1
701,0,24,0,9,0,1,0
702,1,45,0,0,0,1,0
703,1,38,1,2,0,1,0
704,1,52,0,5,0,2,1
705,1,53,1,2,1,1,0
706,1,44,1,3,0,1,1
707,1,22,1,1,0,1,1
708,0,38,1,0,1,1,0
709,1,24,1,1,0,1,0
710,1,25,0,11,0,0,1
711,1,35,0,1,0,0,0
712,0,38,0,0,1,1,0
713,1,37,0,0,1,1,1
714,1,54,1,1,0,1,1
715,0,25,1,0,0,1,0
716,1,61,1,5,0,2,0
717,1,36,1,1,0,1,0
718,1,64,1,10,1,1,0
719,0,32,1,7,0,1,0
720,1,51,1,1,0,1,0
721,0,54,0,0,0,2,0
722,1,27,0,0,0,1,0
723,1,27,1,2,0,0,1
724,1,23,0,6,1,1,0
725,0,70,1,1,1,1,0
726,1,69,1,0,1,1,0
727,1,35,1,1,0,2,0
728,1,50,0,3,0,2,1
729,1,53,1,0,0,1,1
730,1,22,0,2,0,0,1
731,1,24,0,3,1,0,0
732,1,22,1,10,1,0,1
733,1,26,0,19,0,1,1
734,1,37,1,1,0,1,0
735,1,22,0,28,0,0,0
736,1,27,0,1,0,2,0
737,1,27,0,10,0,0,0
738,1,51,1,1,0,1,0
739,0,31,1,0,0,1,0
740,1,22,0,0,1,2,1
741,1,41,1,4,1,2,0
742,1,29,1,0,0,1,0
743,1,30,0,0,0,1,1
744,1,27,0,2,0,1,1
745,1,31,1,4,1,1,0
746,1,57,1,1,1,1,1
747,1,38,0,2,1,2,1
748,1,35,0,0,1,2,0
749,1,28,0,1,0,2,1
750,1,22,0,9,1,2,1
751,1,51,1,10,1,0,0
752,0,45,0,0,0,1,0
753,1,44,1,3,0,1,0
754,1,38,0,0,0,1,1
755,1,53,0,1,1,1,0
756,1,41,1,1,0,1,1
757,1,27,0,0,0,1,0
758,1,23,0,1,1,0,0
759,0,24,0,0,1,0,0
760,0,36,1,0,1,2,0
761,0,29,1,0,1,1,1
762,1,32,1,0,0,1,0
763,1,25,0,5,0,1,0
764,0,30,0,8,1,2,1
765,1,55,0,1,1,1,1
766,1,32,0,2,0,1,0
767,1,21,0,0,0,1,0
768,1,53,0,24,0,2,0
769,1,29,1,0,0,1,1
770,1,24,0,1,0,0,1
771,1,24,0,13,0,0,1
772,1,34,1,1,0,1,0
773,1,32,0,6,1,2,1
774,1,47,1,3,0,1,1
775,1,32,1,0,1,2,0
776,1,24,1,2,0,2,0
777,0,41,0,1,1,1,0
778,1,22,1,14,0,2,1
779,0,63,0,1,1,2,0
780,1,24,0,1,0,2,0
781,1,55,1,2,0,1,0
782,1,28,0,0,0,1,0
783,1,32,1,2,0,1,1
784,1,50,0,7,0,1,1
785,1,21,0,2,0,0,1
786,1,46,1,7,0,2,1
787,1,30,0,4,0,0,1
788,0,42,0,1,0,1,0
789,1,27,0,12,1,1,1
790,1,26,0,0,0,1,0
791,1,42,1,1,0,0,1
792,1,31,0,2,1,1,0
793,1,42,0,15,0,0,1
794,1,34,0,5,0,2,0
795,0,32,0,6,1,1,1
796,0,27,1,3,0,1,0
797,1,32,1,9,0,1,0
798,1,20,0,18,0,0,1
799,1,24,1,2,1,1,0
800,1,25,1,0,1,1,0
801,1,51,0,0,0,1,0
802,1,37,0,5,0,1,0
803,0,26,0,0,0,1,0
804,1,35,0,1,1,2,1
805,1,25,1,8,0,0,0
806,1,28,1,0,0,1,0
807,1,35,0,22,0,0,1
808,1,47,1,2,0,1,1
809,1,39,1,2,1,1,0
810,1,28,0,0,0,2,0
811,0,20,1,0,0,1,0
812,0,80,1,7,1,2,1
813,1,30,0,1,0,2,1
814,1,40,0,6,0,1,0
815,1,39,0,0,0,0,1
816,1,21,1,2,0,2,0
817,1,34,0,14,0,0,1
818,1,50,1,0,0,1,0
819,1,23,0,2,0,0,1
820,1,28,0,0,0,1,1
821,1,48,1,1,0,1,0
822,1,26,0,5,0,0,1
823,0,21,1,0,0,1,0
824,0,23,0,0,0,2,0
825,1,30,0,1,0,1,1
826,1,55,0,0,0,1,0
827,1,43,0,4,0,2,0
828,1,36,1,0,0,1,0
829,1,24,0,0,1,1,0
830,1,24,0,0,0,1,1
831,1,35,0,8,0,0,1
832,1,32,0,0,1,2,0
833,0,45,1,2,1,1,0
834,1,26,1,1,1,0,0
835,0,30,1,4,0,2,0
836,0,39,0,1,0,1,0
837,1,33,0,2,0,0,1
838,1,30,0,0,0,1,0
839,1,32,1,0,0,1,1
840,1,37,0,1,1,2,1
841,1,56,1,0,1,1,0
842,0,39,1,0,1,1,0
843,1,29,1,3,0,2,0
844,1,31,0,1,0,2,1
845,1,49,1,2,0,1,0
846,1,31,0,19,1,1,1
847,1,32,1,0,0,1,0
848,1,40,1,4,1,1,0
849,1,40,1,0,0,0,1
850,1,46,1,0,0,1,1
851,1,52,0,1,0,1,1
852,1,34,1,10,0,0,1
853,1,24,0,3,0,0,0
854,1,38,0,8,0,2,1
855,1,43,1,11,0,1,1
856,1,24,1,0,0,1,1
857,1,48,0,21,0,1,1
858,1,23,0,1,1,2,0
859,0,36,1,4,0,1,0
860,1,36,0,0,0,0,1
861,1,31,0,1,0,0,1
862,0,29,1,5,0,1,1
863,0,37,1,1,1,1,0
864,1,40,0,2,0,2,1
865,0,27,0,30,0,1,1
866,1,26,1,4,1,2,1
867,1,40,0,0,0,1,0
868,1,39,0,3,0,1,1
869,0,42,1,1,0,1,0
870,1,22,1,0,0,1,1
871,0,35,0,6,0,2,1
872,0,28,1,1,0,1,0
873,1,44,0,4,0,2,1
874,1,30,0,12,0,0,1
875,1,28,0,1,1,1,1
876,1,46,1,10,0,2,0
877,0,60,0,2,1,2,0
878,1,21,0,6,0,2,0
879,1,28,0,4,1,1,0
880,1,27,1,0,0,1,0
881,1,28,0,0,0,2,1
882,1,34,1,0,1,1,1
883,1,23,0,3,0,2,0
884,1,53,0,5,1,0,0
885,1,25,0,4,0,0,1
886,1,22,0,2,1,0,0
887,1,46,0,1,1,1,0
888,1,22,0,4,1,1,1
889,0,21,1,2,0,2,0
890,0,33,0,3,0,0,1
891,1,49,0,19,0,0,1
892,1,33,0,7,0,2,1
893,1,29,0,5,0,1,0
894,0,38,0,4,0,1,1
895,1,47,1,2,0,2,1
896,1,56,0,1,0,1,0
897,0,21,0,2,1,2,1
898,1,32,0,0,1,1,0
899,0,38,0,1,0,1,0
900,1,23,0,14,0,0,1
901,1,27,1,1,0,2,1
902,0,25,0,3,1,1,1
903,1,45,1,0,0,1,0
904,0,32,0,1,0,2,1
905,1,32,0,6,1,1,1
906,1,37,1,1,1,1,0
907,1,47,0,6,0,0,1
908,1,27,1,16,0,2,1
909,0,23,0,0,0,2,0
910,1,24,0,20,0,0,1
911,1,56,0,0,1,1,0
912,1,22,0,9,0,2,1
913,1,52,0,2,0,2,1
914,0,64,0,0,1,1,0
915,1,36,1,11,0,2,0
916,1,52,0,23,1,2,1
917,1,21,0,8,0,2,0
918,1,26,1,6,0,2,1
919,1,20,1,5,0,2,1
920,1,67,1,0,1,1,0
921,1,37,0,5,0,0,1
922,1,20,0,3,1,0,1
923,1,33,0,4,0,0,1
924,0,42,0,0,0,2,0
925,1,56,0,3,0,1,0
926,1,29,0,2,0,1,1
927,1,24,1,10,0,0,0
928,1,32,0,0,1,1,0
929,1,34,0,9,0,2,1
930,1,23,0,5,0,0,1
931,0,33,1,2,0,1,0
932,1,48,0,1,0,1,0
933,1,56,0,0,1,1,0
934,0,45,1,11,0,1,0
935,0,31,0,0,1,1,0
936,1,22,0,1,1,1,0
937,1,39,1,2,0,1,0
938,0,43,0,3,0,2,1
939,0,25,1,2,1,1,0
940,1,56,1,11,0,1,0
941,1,60,0,5,0,1,1
942,1,21,0,13,1,1,1
943,1,21,1,0,0,1,0
944,1,49,0,0,1,2,0
945,1,60,0,0,0,1,0
946,1,48,1,0,1,1,0
947,1,32,1,1,1,1,0
948,1,32,0,14,0,0,1
949,0,50,1,0,0,1,0
950,1,49,0,0,1,1,0
951,1,50,1,0,0,1,0
952,1,56,1,4,0,0,0
953,1,41,1,6,0,1,0
954,0,21,0,1,0,1,1
955,1,24,0,1,0,1,0
956,1,53,0,8,0,2,1
957,1,27,1,3,0,1,0
958,1,22,1,17,0,0,1
959,0,30,0,3,0,0,0
960,1,24,1,2,0,2,0
961,0,23,0,0,0,1,0
962,1,47,0,2,0,0,0
963,0,45,0,0,1,1,0
964,1,20,0,10,0,0,1
965,1,34,1,7,1,2,1
966,0,27,0,3,1,1,0
967,1,30,0,0,1,1,1
968,1,21,0,5,1,0,0
969,1,32,1,9,0,2,1
970,1,30,0,1,0,0,1
971,1,57,1,9,1,2,1
972,0,38,0,9,0,0,1
973,1,47,0,0,0,1,0
974,1,36,0,6,0,2,0
975,1,22,1,1,0,2,0
976,1,57,1,5,0,1,0
977,1,21,1,0,0,1,0
978,1,21,0,12,0,0,0
979,1,21,0,4,0,2,1
980,1,33,0,0,1,1,0
981,1,59,1,2,0,1,1
982,1,27,0,13,1,2,1
983,0,26,0,29,0,0,1
984,1,35,0,0,0,1,0
985,0,26,0,4,0,0,0
986,0,21,0,3,0,0,1
987,1,27,1,0,1,1,0
988,1,20,0,12,0,0,1
989,1,68,1,1,1,1,0
990,1,21,1,0,1,1,1
991,1,36,0,1,0,2,0
992,1,28,0,23,0,2,1
993,1,44,1,0,1,1,1
994,1,59,0,0,0,2,0
995,1,59,1,0,0,2,0
996,1,47,1,5,1,2,1
997,1,22,1,1,0,1,0
998,0,49,0,0,0,1,0
999,1,29,0,7,0,0,1
1000,0,32,0,0,0,1,0
1001,1,24,0,4,0,2,1
1002,0,26,0,0,0,0,1
1003,1,25,0,1,1,1,0
1004,1,38,1,0,1,1,0
1005,1,21,0,11,0,0,1
1006,1,22,0,0,0,2,1
1007,1,43,1,1,0,2,0
1008,1,37,0,9,1,1,1
1009,1,26,0,0,1,1,0
1010,1,39,1,2,1,2,0
1011,1,47,0,0,1,2,0
1012,0,40,1,1,0,1,0
1013,0,43,1,0,1,2,0
1014,1,53,1,1,0,2,0
1015,1,28,0,2,0,1,1
1016,1,48,1,1,0,1,1
1017,1,47,0,1,0,2,0
1018,1,43,0,0,0,2,0
1019,1,40,1,1,0,1,1
1020,1,27,0,9,0,0,1
1021,0,78,1,1,0,1,0
1022,1,54,1,0,0,1,0
1023,0,37,1,2,1,1,0
1024,0,41,1,2,0,1,0
1025,1,21,1,11,1,2,1
1026,1,52,0,4,1,1,1
1027,1,57,0,2,0,1,0
1028,1,39,1,4,0,1,0
1029,1,27,0,7,1,2,0
1030,1,58,1,8,1,2,1
1031,1,19,0,1,1,0,1
1032,1,29,1,1,1,2,1
1033,1,38,1,0,1,2,0
1034,1,29,1,2,1,1,0
1035,1,47,1,0,0,2,0
1036,1,27,0,12,1,2,1
1037,1,58,1,0,1,1,0
1038,1,22,0,21,0,2,0
1039,1,30,0,7,0,0,1
1040,1,25,0,3,0,2,1
1041,1,23,1,2,0,1,1
1042,0,32,0,2,1,2,0
1043,1,28,0,3,1,2,0
1044,1,20,1,7,0,0,1
1045,1,23,0,2,0,0,1
1046,1,46,1,4,1,2,1
1047,1,41,0,4,0,1,1
1048,1,34,1,0,1,1,0
1049,1,34,1,28,0,0,1
1050,1,30,0,6,1,0,0
1051,1,31,1,1,0,2,1
1052,1,23,0,27,1,0,0
1053,1,30,0,1,0,0,1
1054,1,21,0,5,0,0,1
1055,1,57,1,5,0,1,0
1056,1,27,1,2,1,1,0
1057,1,25,0,0,1,0,1
1058,1,23,1,4,1,2,1
1059,1,23,1,0,0,1,0
1060,1,56,1,6,0,1,0
1061,1,22,0,1,0,0,1
1062,0,43,0,0,0,1,0
1063,1,46,0,0,1,1,0
1064,1,24,0,0,0,1,0
1065,1,27,0,2,0,2,0
1066,1,23,0,3,0,2,0
1067,1,26,0,4,0,1,0
1068,1,31,1,5,0,1,0
1069,0,24,1,1,0,2,0
1070,1,43,1,4,0,0,1
1071,1,35,0,6,1,0,1
1072,0,40,0,3,0,1,0
1073,1,23,0,2,0,2,1
1074,1,30,0,1,0,1,1
1075,1,21,1,1,1,1,0
1076,1,42,0,9,1,0,1
1077,1,22,1,0,0,1,0
1078,0,48,1,1,0,2,1
1079,1,54,0,1,0,1,1
1080,1,28,0,0,1,1,1
1081,1,47,0,9,0,0,1
1082,1,47,1,1,0,1,0
1083,1,25,0,1,0,2,1
1084,1,24,1,3,0,1,0
1085,1,25,1,0,0,2,1
1086,1,34,0,2,0,1,0
1087,1,47,1,0,1,1,0
1088,1,56,1,0,0,2,0
1089,1,24,0,1,0,0,1
1090,1,24,1,5,0,2,1
1091,1,46,0,0,0,1,1
1092,0,33,1,0,1,0,1
1093,1,34,0,23,1,1,1
1094,1,27,0,0,0,1,0
1095,1,35,0,7,0,2,0
1096,0,27,1,0,1,1,0
1097,1,32,0,21,1,0,1
1098,1,31,0,0,1,1,0
1099,1,24,0,0,1,0,1
1100,1,25,0,5,0,1,0
1101,1,27,0,5,1,2,0
1102,1,21,0,14,0,0,0
1103,1,30,0,0,1,1,0
1104,1,35,0,3,1,1,1
1105,0,25,1,0,1,1,0
1106,1,39,1,0,0,1,0
1107,1,25,1,10,0,2,0
1108,1,25,1,1,1,1,0
1109,0,32,0,0,0,1,1
1110,0,29,0,0,1,0,1
1111,1,34,1,4,0,1,1
1112,1,26,0,7,0,1,0
1113,1,33,0,0,0,1,1
1114,1,44,0,17,0,1,1
1115,1,22,0,2,0,0,1
1116,1,31,0,0,1,1,0
1117,0,30,1,6,0,1,1
1118,1,26,0,1,0,2,1
1119,1,40,0,2,0,0,0
1120,1,27,0,0,1,1,1
1121,1,59,1,0,1,1,0
1122,1,29,0,1,1,1,1
1123,0,28,1,2,0,2,0
1124,1,23,1,3,0,2,0
1125,1,23,0,4,0,2,1
1126,1,25,1,5,0,2,0
1127,1,55,0,8,1,1,0
1128,1,42,1,1,0,2,1
1129,1,26,0,10,0,0,1
1130,1,27,0,2,1,1,1
1131,1,31,0,26,0,0,1
1132,0,59,0,1,1,1,0
1133,1,21,1,1,0,1,1
1134,1,52,0,0,1,1,0
1135,0,49,1,0,0,1,0
1136,1,21,1,3,1,2,0
1137,0,42,0,2,0,0,0
1138,1,25,0,22,1,0,1
1139,1,34,1,1,0,1,0
1140,0,34,1,0,0,1,0
1141,1,39,1,0,0,1,0
1142,1,24,0,2,0,1,0
1143,1,21,0,27,1,2,0
1144,1,47,1,6,0,0,1
1145,1,23,1,2,0,2,1
1146,1,50,0,3,1,1,1
1147,1,26,0,5,0,2,1
1148,1,24,1,0,1,1,0
1149,1,38,0,5,1,1,0
1150,1,35,0,0,0,1,0
1151,1,22,0,0,0,0,1
1152,1,22,0,23,1,0,1
1153,1,54,0,1,1,1,0
1154,1,28,0,9,0,1,0
1155,0,21,1,2,0,1,0
1156,1,20,1,0,0,2,0
1157,1,29,0,10,0,0,1
1158,1,26,0,8,0,2,1
1159,0,24,1,4,0,2,1
1160,1,21,1,4,0,1,0
1161,1,25,0,5,0,2,0
1162,1,57,0,2,0,2,0
1163,0,24,0,3,1,2,1
1164,1,26,1,0,0,0,1
1165,1,49,1,2,0,1,1
1166,1,25,1,1,1,1,0
1167,1,19,0,1,0,2,1
1168,1,20,0,4,0,0,1
1169,1,30,0,3,0,2,1
1170,1,34,0,9,0,0,0
1171,1,23,0,1,1,1,1
1172,1,23,0,1,0,0,0
1173,1,46,1,0,1,1,0
1174,1,24,1,3,0,2,0
1175,1,26,0,3,0,0,1
1176,1,29,0,7,0,1,1
1177,1,44,1,3,1,2,1
1178,1,28,1,1,0,1,1
1179,1,53,1,6,0,0,1
1180,1,58,1,6,0,1,1
1181,1,49,1,0,0,1,0
1182,1,25,0,14,0,0,0
1183,1,60,0,4,0,2,1
1184,1,26,0,2,1,2,1
1185,1,32,0,10,0,2,1
1186,1,56,0,7,0,2,0
1187,1,51,1,7,0,2,1
1188,1,36,0,2,0,1,0
1189,1,21,1,1,0,2,0
1190,1,27,0,11,0,2,1
1191,0,27,0,35,0,0,0
1192,1,38,1,8,1,1,0
1193,1,27,0,3,0,0,1
1194,1,45,1,4,0,1,1
1195,1,26,0,1,0,1,0
1196,1,25,0,0,0,1,1
1197,1,22,0,21,0,0,0
1198,1,27,0,4,0,2,1
1199,0,22,0,6,0,1,1
1200,1,34,1,1,0,2,1
1201,1,28,0,0,1,1,0
1202,1,56,1,0,1,1,0
1203,0,26,0,3,1,0,1
1204,1,67,1,5,0,1,0
1205,1,58,0,1,0,1,1
1206,1,27,0,7,0,2,1
1207,1,52,1,0,0,1,0
1208,1,23,0,4,1,2,1
1209,1,50,0,3,0,2,0
1210,1,44,1,0,0,1,0
1211,1,26,1,3,0,1,0
1212,0,20,1,0,1,1,0
1213,1,45,1,4,0,1,0
1214,1,26,0,3,1,2,1
1215,1,23,0,1,0,2,1
1216,1,58,1,7,0,2,1
1217,1,22,0,5,0,2,1
1218,1,35,0,2,1,1,1
1219,1,39,0,4,0,1,0
1220,0,23,0,2,0,1,1
1221,1,32,0,4,0,0,0
1222,1,23,0,1,0,2,0
1223,1,34,1,5,1,2,1
1224,0,28,1,0,0,1,0
1225,1,46,0,6,0,2,1
1226,0,31,0,5,0,2,0
1227,0,24,0,3,0,1,1
1228,1,47,1,0,0,1,0
1229,0,23,0,4,0,2,1
1230,1,52,0,7,0,0,1
1231,1,20,0,15,0,0,1
1232,1,27,0,0,0,2,1
1233,1,32,1,0,0,2,1
1234,1,36,1,8,0,0,1
1235,1,30,0,10,0,2,0
1236,1,25,1,0,0,1,1
1237,1,29,0,7,0,0,0
1238,0,22,1,0,1,1,0
1239,1,37,0,21,0,0,1
1240,1,36,1,1,0,0,0
1241,1,21,0,3,0,2,0
1242,1,26,1,0,1,1,0
1243,1,69,1,2,1,1,0
1244,1,26,0,2,1,1,0
1245,1,24,1,1,1,1,0
1246,1,27,1,9,0,0,1
1247,0,28,0,3,1,1,0
1248,0,35,0,0,0,1,0
1249,1,37,1,0,0,1,0
1250,1,38,1,3,0,0,1
1251,1,42,1,6,0,2,1
1252,1,22,0,2,0,1,0
1253,1,51,1,1,0,1,1
1254,0,24,1,1,0,2,0
1255,0,34,1,0,1,0,0
1256,1,20,0,7,0,2,1
1257,1,41,0,0,1,1,1
1258,1,23,0,6,0,2,1
1259,1,50,0,2,0,2,1
1260,1,21,0,19,0,0,1
1261,1,25,0,2,0,0,1
1262,1,22,0,1,0,1,0
1263,0,22,0,1,1,2,0
1264,1,67,1,2,0,1,0
1265,1,23,0,2,1,2,1
1266,1,28,0,3,0,1,0
1267,1,28,1,5,1,2,0
1268,0,56,1,1,0,1,0
1269,1,42,0,0,0,1,0
1270,1,33,1,4,0,1,1
1271,1,23,0,2,1,1,0
1272,1,45,0,3,1,2,1
1273,1,38,0,2,0,2,0
1274,1,44,1,0,1,1,1
1275,1,62,1,2,1,1,1
1276,1,53,1,3,1,1,1
1277,1,26,0,9,0,2,1
1278,1,24,0,1,0,1,1
1279,1,32,0,8,0,2,1
1280,0,30,0,7,1,1,1
1281,1,25,0,2,1,2,0
1282,1,59,1,0,1,2,0
1283,1,60,0,1,0,1,0
1284,1,34,0,0,0,1,0
1285,1,57,0,0,1,1,0
1286,1,59,0,0,1,1,1
1287,1,25,1,0,1,2,1
1288,1,21,0,18,1,2,1
1289,1,56,1,1,0,1,1
1290,1,31,0,4,0,1,1
1291,1,38,1,1,0,2,1
1292,1,25,0,8,0,1,1
1293,1,24,1,11,0,0,1
1294,1,34,1,10,0,2,0
1295,1,44,0,21,1,1,1
1296,1,27,0,2,0,1,0
1297,1,26,0,3,0,0,0
1298,0,36,0,2,1,2,1
1299,0,24,0,0,1,2,0
1300,1,28,1,0,0,1,0
1301,0,31,1,0,0,2,0
1302,1,25,0,13,1,2,0
1303,1,21,0,7,0,0,1
1304,0,20,1,1,0,2,0
1305,1,23,0,3,0,1,1
1306,1,23,0,7,0,1,0
1307,1,21,0,10,0,0,1
1308,1,31,0,20,0,2,1
1309,1,56,0,2,0,1,1
1310,1,31,1,3,1,1,0
1311,1,62,1,0,1,1,0
1312,1,40,1,8,0,1,1
1313,1,43,1,4,0,1,1
1314,1,30,1,10,0,1,0
1315,1,35,0,5,0,1,1
1316,0,47,1,2,0,1,1
1317,1,51,1,2,0,2,0
1318,1,38,0,8,1,0,1
1319,1,33,1,13,0,1,0
1320,1,42,0,4,1,2,1
1321,1,27,0,7,0,2,1
1322,1,21,1,4,1,0,1
1323,1,61,1,0,1,1,1
1324,1,39,0,4,0,2,1
1325,1,42,1,1,1,1,0
1326,0,25,1,3,0,2,0
1327,0,39,1,0,0,1,0
1328,1,31,0,14,0,1,0
1329,1,28,0,1,0,1,0
1330,1,26,0,4,1,0,1
1331,1,34,0,0,0,0,0
1332,1,31,1,3,0,2,0
1333,1,27,0,13,0,0,1
1334,1,29,1,10,1,1,1
1335,0,27,0,0,0,2,1
1336,0,54,1,1,1,1,0
1337,0,28,0,2,1,1,1
1338,1,27,0,1,0,1,1
1339,1,61,0,3,0,1,0
1340,1,22,0,1,0,2,0
1341,1,22,0,7,0,2,1
1342,1,29,0,0,1,1,0
1343,1,26,1,2,0,1,1
1344,1,36,0,1,1,1,0
1345,1,30,1,0,1,1,0
1346,1,35,0,0,0,2,0
1347,1,26,0,18,0,0,1
1348,1,47,0,3,0,0,1
1349,1,39,0,1,0,1,0
1350,1,42,0,0,0,0,0
1351,1,36,0,3,0,2,0
1352,1,21,1,10,0,0,1
1353,1,27,1,1,0,2,0
1354,0,44,0,0,0,1,0
1355,1,21,0,1,1,0,1
1356,0,53,1,0,0,1,0
1357,0,26,1,0,0,2,0
1358,1,31,0,7,0,0,1
1359,1,56,0,1,0,1,0
1360,1,21,0,6,0,0,1
1361,1,25,0,11,0,0,1
1362,1,25,0,0,1,1,0
1363,1,22,0,8,0,2,1
1364,1,28,1,1,0,1,0
1365,1,29,1,6,0,2,1
1366,1,26,1,0,0,2,1
1367,0,33,0,3,1,2,1
1368,1,27,1,4,1,2,0
1369,1,28,1,10,0,2,1
1370,1,25,0,22,0,0,1
1371,1,23,0,4,0,1,0
1372,1,31,0,8,0,0,1
1373,1,31,0,7,0,0,1
1374,0,30,0,0,1,1,0
1375,1,31,1,5,1,1,0
1376,1,36,0,4,0,1,1
1377,1,46,1,0,0,1,0
1378,0,30,0,0,1,1,0
1379,1,74,1,2,1,1,0
1380,1,44,0,6,0,1,0
1381,0,27,0,30,1,1,1
1382,1,48,0,3,1,1,0
1383,0,25,0,1,0,1,1
1384,1,55,1,3,0,2,1
1385,1,64,1,0,0,1,0
1386,0,40,1,0,0,1,0
1387,1,24,0,4,1,1,0
1388,1,49,0,1,0,1,0
1389,1,61,1,2,1,1,0
1390,1,72,1,2,0,0,1
1391,1,24,1,8,0,0,1
1392,1,25,0,6,0,2,1
1393,1,56,0,4,0,1,0
1394,1,48,0,1,1,1,0
1395,0,32,1,3,1,1,0
1396,1,48,1,1,0,1,0
1397,1,28,0,1,1,1,1
1398,1,34,0,1,0,2,0
1399,1,43,0,5,1,1,0
1400,1,57,0,0,0,1,0
1401,0,22,0,5,1,2,1
1402,0,45,1,2,1,2,1
1403,1,32,1,1,1,1,0
1404,1,23,0,2,0,2,1
1405,1,38,0,0,1,0,0
1406,1,27,1,8,0,0,1
1407,1,27,0,1,1,0,0
1408,1,22,0,2,0,1,1
1409,1,20,1,11,0,2,1
1410,1,35,0,6,0,0,0
1411,1,59,1,1,1,1,0
1412,0,39,0,1,1,1,0
1413,1,26,1,2,1,1,1
1414,1,22,0,0,1,1,0
1415,1,64,0,0,1,1,0
1416,1,37,0,4,1,0,1
1417,1,22,0,5,0,2,1
1418,0,53,0,1,0,1,0
1419,1,55,0,1,0,0,0
1420,1,59,0,0,0,1,0
1421,1,27,0,4,0,0,1
1422,1,21,1,1,1,2,1
1423,1,30,0,20,0,0,1
1424,1,31,0,3,1,1,0
1425,1,74,0,0,1,1,0
1426,1,60,1,7,0,1,0
1427,1,41,1,0,1,1,0
1428,1,29,0,0,0,1,0
1429,1,29,1,4,0,2,1
1430,1,21,0,8,0,0,1
1431,1,22,0,0,0,1,1
1432,1,23,0,0,1,2,0
1433,1,52,0,9,0,0,1
1434,0,23,0,29,0,0,1
1435,1,31,0,11,0,2,1
1436,1,30,0,0,1,2,0
1437,1,25,1,1,1,2,0
1438,1,49,1,1,1,1,0
1439,1,58,1,7,1,1,1
1440,1,31,1,0,1,1,0
1441,0,20,0,1,0,1,1
1442,0,27,0,3,0,2,0
1443,1,53,1,0,1,1,0
1444,0,24,1,0,0,0,0
1445,0,23,1,2,0,2,0
1446,1,27,1,7,0,1,1
1447,1,41,0,2,1,1,0
1448,0,49,1,1,1,1,0
1449,1,56,0,0,0,1,0
1450,1,20,1,2,0,1,0
1451,1,42,1,1,0,1,0
1452,1,23,0,23,0,1,1
1453,1,25,0,0,1,1,0
1454,1,19,0,7,0,0,1
1455,1,36,0,0,1,1,0
1456,1,44,1,0,1,1,0
1457,1,48,0,1,0,1,0
1458,1,35,0,0,0,1,0
1459,1,31,0,1,0,0,0
1460,1,43,1,0,1,1,1
1461,0,42,0,2,0,1,0
1462,1,23,0,12,0,2,1
1463,1,43,0,0,0,1,1
1464,0,30,0,0,0,2,0
1465,1,22,1,1,1,1,0
1466,1,29,0,2,0,1,1
1467,1,24,0,8,1,0,1
1468,1,47,1,22,1,0,1
1469,1,54,0,4,0,1,0
1470,1,27,1,0,0,1,0
1471,1,23,1,9,0,0,1
1472,1,45,0,0,0,1,0
1473,1,36,1,0,1,2,1
1474,0,32,1,7,0,2,0
1475,1,25,0,0,1,2,1
1476,0,74,0,35,1,1,0
1477,0,30,1,0,0,2,1
1478,1,45,0,2,1,1,1
1479,0,50,0,0,1,2,0
1480,0,38,0,5,0,2,0
1481,1,42,1,5,0,2,0
1482,1,31,0,0,1,1,1
1483,1,52,1,4,1,1,1
1484,0,33,1,0,0,1,0
1485,0,37,0,0,1,1,0
1486,0,32,0,6,0,2,0
1487,1,27,0,8,0,0,1
1488,1,24,1,1,0,1,1
1489,1,23,0,4,0,0,1
1490,1,20,0,0,0,0,1
1491,1,63,1,1,0,1,0
1492,1,29,1,4,0,1,1
1493,1,29,0,1,0,2,0
1494,1,26,0,4,0,2,0
1495,0,44,1,2,1,1,0
1496,0,26,0,2,0,0,1
1497,1,42,1,0,0,1,0
1498,1,50,1,1,0,1,0
1499,0,21,0,1,0,0,1
1500,1,31,1,7,1,0,1
1501,1,27,1,18,0,2,1
1502,1,37,1,0,1,1,0
1503,1,31,0,10,0,0,1
1504,1,22,0,10,0,2,0
1505,1,35,1,0,0,1,0
1506,1,32,0,0,0,1,1
1507,0,37,1,2,1,1,1
1508,1,44,1,2,0,1,0
1509,1,23,0,0,1,1,1
1510,1,21,1,0,1,2,0
1511,1,25,0,19,0,2,0
1512,0,22,1,0,0,1,0
1513,1,21,1,2,1,2,1
1514,1,32,0,3,0,2,0
1515,1,32,0,1,1,1,1
1516,0,27,1,4,1,2,1
1517,1,32,1,4,0,1,0
1518,1,26,0,12,0,0,1
1519,1,50,1,0,1,1,0
1520,0,28,1,0,0,1,0
1521,1,27,0,0,0,2,0
1522,1,39,0,10,1,1,0
1523,1,21,1,0,0,2,1
1524,1,23,0,11,0,1,0
1525,0,27,0,1,1,2,1
1526,1,21,1,18,0,0,1
1527,1,33,1,0,0,1,1
1528,1,39,1,5,0,1,0
1529,1,46,1,0,0,1,1
1530,1,27,1,6,1,0,1
1531,1,33,1,3,1,2,0
1532,1,32,1,1,1,1,0
1533,1,26,0,4,0,2,0
1534,1,23,0,14,1,0,1
1535,1,26,0,6,0,0,1
1536,1,25,1,4,0,0,1
1537,0,46,0,1,0,1,0
1538,1,24,0,9,0,2,0
1539,1,44,1,1,1,1,0
1540,1,51,0,15,0,0,1
1541,1,20,0,2,0,1,0
1542,0,30,1,0,1,1,0
1543,1,26,1,7,0,0,1
1544,1,22,0,2,0,0,1
1545,1,37,0,1,1,1,1
1546,1,26,0,2,1,0,1
1547,1,20,0,9,0,0,0
1548,1,41,1,0,0,2,0
1549,1,37,0,9,0,1,1
1550,1,46,1,4,1,1,0
1551,0,61,1,1,0,1,0
1552,1,22,0,9,0,2,1
1553,1,55,0,1,1,1,0
1554,0,18,0,1,0,2,1
1555,1,21,0,2,1,0,1
1556,1,27,0,7,0,2,1
1557,1,30,0,0,0,1,0
1558,1,24,0,2,0,2,0
1559,1,24,0,15,0,0,1
1560,1,30,0,1,0,2,0
1561,1,29,1,0,0,1,0
1562,1,28,0,2,0,0,0
1563,1,25,1,0,0,2,0
1564,0,29,0,2,0,2,0
1565,1,29,0,8,0,0,1
1566,1,27,0,7,0,0,1
1567,1,21,0,0,1,1,0
1568,1,32,0,7,0,2,1
1569,1,52,0,12,1,2,0
1570,1,34,0,2,1,1,0
1571,0,59,1,0,1,0,1
1572,0,24,0,4,1,1,1
1573,1,52,0,14,0,0,0
1574,0,23,0,0,1,1,1
1575,1,29,1,0,0,1,0
1576,1,25,1,15,1,0,1
1577,1,47,0,0,1,1,0
1578,1,22,0,0,0,1,1
1579,1,25,0,9,1,0,1
1580,1,32,0,4,0,2,1
1581,1,26,1,3,1,0,1
1582,1,25,0,1,0,1,0
1583,1,61,1,14,0,2,1
1584,1,21,1,2,0,1,1
1585,1,50,1,2,1,1,0
1586,1,21,0,2,0,1,1
1587,1,43,1,8,0,2,1
1588,0,51,0,2,0,0,1
1589,1,48,0,7,0,0,1
1590,1,33,1,2,0,1,1
1591,1,20,0,26,0,0,1
1592,1,37,0,1,1,1,0
1593,0,58,1,5,1,2,0
1594,1,29,0,4,0,1,1
1595,0,29,0,4,0,2,1
1596,1,48,1,12,0,2,0
1597,1,27,0,3,1,1,0
1598,1,53,1,1,1,1,1
1599,0,26,0,1,1,1,0
1600,1,31,0,3,1,0,0
1601,1,24,0,13,0,0,0
1602,1,27,1,18,1,2,1
1603,1,22,0,9,0,2,1
1604,1,31,0,2,0,1,0
1605,1,25,1,6,0,2,0
1606,1,22,0,1,0,1,0
1607,0,23,1,3,0,1,1
1608,1,31,0,7,0,2,1
1609,1,48,1,0,0,1,0
1610,1,20,1,3,0,1,1
1611,1,29,0,20,0,1,0
1612,0,26,1,0,1,1,0
1613,1,52,0,1,0,1,0
1614,1,22,0,1,1,1,0
1615,1,31,1,1,0,2,1
1616,1,26,0,21,1,2,1
1617,1,52,1,0,1,1,0
1618,1,26,0,5,0,0,0
1619,1,31,0,4,1,0,0
1620,1,26,0,9,0,1,1
1621,1,42,0,5,0,2,0
1622,1,47,0,1,0,0,0
1623,1,28,0,1,1,1,0
1624,1,24,0,6,1,2,0
1625,1,21,0,18,0,0,1
1626,1,30,1,1,0,1,0
1627,1,61,1,0,0,1,0
1628,1,59,0,14,0,2,1
1629,1,22,0,0,0,1,0
1630,0,42,1,1,1,2,0
1631,1,31,0,13,0,1,0
1632,0,62,1,0,1,1,1
1633,1,26,1,1,0,2,0
1634,1,31,0,0,1,2,1
1635,0,21,0,9,0,2,1
1636,1,67,1,0,0,1,0
1637,1,22,0,6,1,2,0
1638,1,24,0,1,0,1,1
1639,1,28,1,0,1,1,1
1640,1,55,1,1,1,1,0
1641,0,61,0,0,0,2,0
1642,1,55,0,5,0,0,1
1643,1,20,1,2,0,2,1
1644,1,56,1,7,0,1,0
1645,1,33,1,11,1,1,1
1646,0,32,0,5,0,2,0
1647,1,37,0,0,1,1,0
1648,1,24,0,3,1,2,1
1649,0,28,1,1,0,2,1
1650,0,33,0,0,0,1,0
1651,1,22,0,0,0,2,0
1652,1,33,1,1,1,1,1
1653,1,20,1,3,0,0,1
1654,1,22,1,3,0,2,1
1655,1,23,1,2,0,1,0
1656,1,33,1,0,1,1,0
1657,1,72,1,2,1,1,0
1658,1,31,0,13,0,0,1
1659,1,33,0,2,1,1,1
1660,0,25,0,1,0,2,0
1661,1,74,1,6,0,2,0
1662,1,58,1,3,0,1,1
1663,1,32,0,5,0,1,1
1664,1,27,1,2,0,1,0
1665,0,26,0,0,0,2,1
1666,0,20,1,7,0,1,1
1667,1,37,1,1,1,1,0
1668,1,29,0,7,0,0,1
1669,0,33,0,0,1,2,0
1670,1,26,0,1,1,2,0
1671,1,24,1,2,1,1,1
1672,1,72,1,14,0,0,0
1673,1,44,1,1,0,2,1
1674,0,29,0,7,0,2,0
1675,0,27,0,8,1,0,1
1676,0,33,1,5,0,2,1
1677,1,26,0,13,0,0,1
1678,1,30,0,9,1,0,1
1679,1,22,1,1,0,1,0
1680,1,51,1,8,0,1,0
1681,0,36,0,7,0,0,1
1682,1,23,0,2,1,0,1
1683,0,41,0,2,0,1,0
1684,1,25,1,4,0,2,1
1685,1,28,0,3,0,1,0
1686,1,22,0,12,0,2,0
1687,1,32,0,0,0,0,1
1688,1,29,1,3,0,0,1
1689,0,38,0,12,0,2,1
1690,1,22,0,1,0,0,1
1691,1,25,0,3,1,2,0
1692,1,26,0,0,0,2,1
1693,1,30,1,0,0,1,1
1694,0,31,1,2,1,2,0
1695,1,20,0,10,0,0,0
1696,1,20,1,0,1,1,0
1697,0,56,0,0,0,1,0
1698,0,25,1,1,1,1,1
1699,0,27,0,1,1,1,0
1700,1,27,0,1,1,1,0
1701,0,44,1,2,0,1,0
1702,1,32,0,2,0,2,1
1703,0,31,1,1,1,1,1
1704,0,24,1,0,1,2,0
1705,0,24,0,5,1,1,0
1706,1,24,0,0,0,1,0
1707,1,47,1,0,1,2,0
1708,1,68,1,0,1,0,0
1709,1,30,0,1,0,1,0
1710,1,33,0,2,0,1,0
1711,1,36,0,2,0,2,1
1712,1,36,1,1,0,1,1
1713,1,60,1,2,0,1,0
1714,1,45,1,1,0,1,0
1715,0,29,0,0,0,1,0
1716,1,49,1,0,0,1,1
1717,1,23,0,13,0,0,1
1718,1,52,0,1,0,0,1
1719,1,26,1,3,0,2,1
1720,0,30,0,25,0,0,1
1721,1,36,1,3,1,1,0
1722,1,41,1,2,0,0,0
1723,1,33,0,1,1,1,0
1724,1,43,1,2,1,2,1
1725,0,27,0,7,0,2,1
1726,1,45,0,3,0,1,1
1727,0,26,1,6,0,0,1
1728,1,26,1,3,1,1,1
1729,1,64,1,6,0,1,1
1730,1,57,0,3,1,1,1
1731,1,20,1,0,1,0,1
1732,1,48,0,8,0,1,1
1733,1,26,0,3,1,0,1
1734,1,20,0,2,0,2,1
1735,1,23,0,20,0,0,1
1736,1,42,0,0,1,2,0
1737,1,23,0,3,0,0,1
1738,0,25,0,0,1,1,0
1739,1,28,1,7,0,1,0
1740,1,29,0,12,0,0,1
1741,1,57,1,1,1,1,1
1742,1,32,0,0,0,1,1
1743,1,46,1,4,0,2,1
1744,1,54,1,0,0,1,1
1745,1,40,1,2,0,0,0
1746,1,25,0,0,0,2,1
1747,0,36,1,1,0,1,0
1748,1,21,0,4,0,2,0
1749,0,31,0,0,1,2,1
1750,1,25,0,2,1,1,0
1751,1,25,0,8,0,2,0
1752,1,21,0,1,0,2,0
1753,1,26,0,1,0,1,1
1754,1,37,1,4,0,2,0
1755,1,35,0,11,0,0,1
1756,1,32,1,8,0,1,1
1757,1,20,0,13,0,2,0
1758,1,43,1,1,1,1,0
1759,1,37,1,0,1,0,1
1760,1,41,0,27,0,0,0
1761,1,33,1,1,1,0,1
1762,1,40,0,8,0,0,1
1763,1,53,1,0,1,2,0
1764,1,27,1,4,1,1,1
1765,1,33,0,1,1,1,0
1766,1,35,0,0,0,2,1
1767,1,45,0,4,1,2,0
1768,1,26,0,2,0,2,1
1769,0,61,1,3,1,1,0
1770,1,53,1,4,0,1,1
1771,1,58,1,5,0,1,0
1772,1,23,1,13,0,2,1
1773,1,38,1,1,1,1,0
1774,1,26,1,7,0,1,1
1775,1,50,0,2,0,1,1
1776,1,48,1,1,0,2,0
1777,1,28,0,4,0,0,1
1778,0,25,1,25,1,0,0
1779,1,25,0,7,0,2,1
1780,1,20,0,0,0,1,0
1781,0,32,0,0,1,0,0
1782,1,53,0,0,1,2,0
1783,1,33,0,0,0,0,1
1784,1,50,1,1,0,1,0
1785,1,25,0,9,0,2,1
1786,0,51,0,0,1,1,0
1787,1,22,0,6,0,2,1
1788,0,21,0,14,0,0,0
1789,1,25,1,0,0,1,1
1790,1,20,0,6,0,0,1
1791,1,20,1,1,0,1,0
1792,1,27,1,1,0,1,0
1793,1,33,0,16,0,0,1
1794,0,29,1,0,1,1,0
1795,1,24,0,2,0,1,1
1796,1,61,1,0,0,1,1
1797,1,34,0,3,1,1,0
1798,1,39,1,9,0,2,0
1799,1,40,1,0,0,1,0
1800,1,48,1,1,1,1,1
1801,1,53,0,1,1,1,1
1802,0,66,0,0,1,1,0
1803,0,23,0,14,1,0,1
1804,1,33,0,1,0,1,1
1805,1,31,1,7,0,0,1
1806,1,34,1,0,1,1,0
1807,0,43,1,5,0,2,0
1808,1,24,0,4,0,0,0
1809,1,54,1,10,1,2,1
1810,1,47,1,5,1,1,1
1811,1,48,1,1,1,1,0
1812,1,53,0,1,1,2,0
1813,0,30,0,4,0,1,0
1814,1,32,1,4,0,2,1
1815,1,29,0,8,1,2,0
1816,1,38,1,1,1,1,1
1817,0,29,1,0,0,1,0
1818,1,33,0,7,0,1,0
1819,1,24,1,4,0,2,1
1820,1,29,1,2,0,2,1
1821,0,37,0,0,1,2,0
1822,1,43,0,1,0,1,0
1823,0,37,0,4,0,2,0
1824,1,43,1,0,0,1,0
1825,1,35,0,0,0,1,0
1826,1,29,0,1,0,0,0
1827,1,64,0,0,1,1,0
1828,1,34,1,2,1,1,1
1829,1,32,0,6,0,0,1
1830,1,34,0,1,0,1,0
1831,1,35,1,7,0,2,1
1832,0,27,1,1,0,1,0
1833,1,24,0,0,0,1,1
1834,1,43,0,0,1,1,1
1835,1,38,0,3,0,2,1
1836,1,29,1,2,0,1,0
1837,1,28,0,3,0,2,1
1838,1,25,0,0,1,1,0
1839,0,24,1,1,0,1,0
1840,1,29,0,0,0,0,0
1841,1,29,0,8,0,0,1
1842,1,26,0,3,1,0,1
1843,1,29,0,12,1,0,1
1844,1,45,0,3,0,1,1
1845,1,21,0,14,0,0,1
1846,1,29,0,0,1,1,0
1847,1,48,1,1,0,2,1
1848,1,32,1,1,0,2,1
1849,1,29,1,0,1,1,0
1850,1,32,0,5,0,2,0
1851,1,29,0,11,0,0,1
1852,1,50,0,2,0,1,0
1853,1,38,0,1,1,1,0
1854,1,21,0,2,0,2,1
1855,1,25,1,6,0,1,0
1856,1,27,0,0,0,1,1
1857,1,22,0,0,1,0,1
1858,1,44,0,0,1,1,0
1859,0,41,1,0,0,2,1
1860,1,63,0,0,0,0,1
1861,1,34,1,1,0,1,0
1862,0,26,1,3,1,2,0
1863,1,28,0,3,0,2,1
1864,1,25,0,13,1,0,0
1865,1,21,0,0,0,1,0
1866,0,26,0,8,0,2,0
1867,0,31,0,1,1,1,1
1868,1,39,1,0,0,1,1
1869,1,66,1,3,0,1,0
1870,0,38,0,0,1,2,1
1871,1,28,0,10,0,2,1
1872,1,34,0,3,0,0,1
1873,1,32,0,3,0,2,1
1874,1,28,0,1,0,1,0
1875,1,36,0,2,0,1,0
1876,1,37,0,1,0,0,0
1877,1,42,1,5,0,1,1
1878,1,28,1,0,0,0,1
1879,0,50,1,0,0,1,0
1880,1,35,0,4,0,2,0
1881,1,30,0,8,1,2,0
1882,1,28,0,1,0,1,1
1883,1,23,0,4,0,1,1
1884,1,52,0,0,0,1,0
1885,1,56,1,1,1,1,0
1886,1,29,0,0,1,0,1
1887,1,24,1,3,1,0,1
1888,1,57,1,0,1,1,0
1889,1,25,0,18,0,2,1
1890,1,58,1,0,1,1,1
1891,0,79,1,1,1,1,0
1892,0,35,0,3,0,2,0
1893,1,22,0,5,0,1,1
1894,1,25,0,15,0,2,1
1895,1,51,1,2,0,2,0
1896,0,53,1,1,1,1,0
1897,1,43,1,0,0,1,0
1898,1,23,1,2,0,1,0
1899,1,24,1,1,0,1,1
1900,0,34,0,2,0,2,1
1901,0,34,1,3,0,1,0
1902,0,28,0,1,0,1,1
1903,0,46,1,0,0,1,0
1904,1,23,0,10,0,2,1
1905,1,28,0,5,1,2,0
1906,1,46,1,2,0,2,0
1907,0,42,1,6,0,2,0
1908,0,22,0,4,0,0,1
1909,0,36,1,2,1,1,0
1910,1,49,0,0,1,1,0
1911,1,32,1,0,0,1,0
1912,1,25,0,0,0,2,0
1913,1,51,0,13,1,2,1
1914,1,34,1,0,1,1,0
1915,1,23,0,4,1,2,1
1916,1,57,1,4,0,1,1
1917,1,64,0,1,0,1,1
1918,1,24,1,3,1,1,0
1919,1,29,0,9,0,0,1
1920,1,39,1,5,0,1,0
1921,1,27,0,0,1,1,1
1922,1,39,0,8,1,1,0
1923,1,52,0,0,0,1,1
1924,1,24,1,2,0,1,0
1925,1,45,0,0,1,1,0
1926,0,49,1,1,1,1,0
1927,1,65,1,0,0,1,0
1928,1,57,0,11,0,1,1
1929,1,50,0,0,1,1,0
1930,1,23,0,0,0,2,1
1931,1,59,0,3,0,1,0
1932,1,38,1,0,0,1,0
1933,1,29,0,0,0,1,0
1934,1,30,0,21,0,2,1
1935,0,26,1,0,1,2,0
1936,1,50,1,1,1,1,0
1937,1,30,1,1,0,2,1
1938,1,35,1,14,0,1,0
1939,1,21,0,2,0,0,1
1940,1,30,0,5,1,2,1
1941,1,50,1,0,0,1,0
1942,1,25,0,2,1,1,0
1943,0,40,0,1,0,2,0
1944,0,39,0,2,0,2,0
1945,1,48,0,0,1,1,1
1946,1,28,0,0,0,2,1
1947,0,25,0,13,0,0,1
1948,0,25,0,0,0,0,1
1949,1,47,0,1,0,1,1
1950,1,46,1,1,0,1,0
1951,1,33,0,3,0,0,1
1952,1,21,1,0,1,1,0
1953,0,30,1,0,0,1,0
1954,0,28,1,0,0,1,1
1955,1,35,1,1,1,2,0
1956,1,42,0,4,0,1,1
1957,1,29,0,1,1,1,0
1958,1,33,0,4,0,2,0
1959,1,25,1,9,1,1,1
1960,1,21,0,15,0,0,1
1961,0,44,0,5,0,2,1
1962,1,27,0,1,0,1,1
1963,1,21,1,1,0,1,0
1964,1,29,0,4,0,0,1
1965,1,53,1,2,0,2,1
1966,1,49,1,0,1,1,0
1967,0,31,1,0,0,1,1
1968,1,23,1,3,0,1,1
1969,1,41,1,0,1,1,1
1970,0,30,0,0,0,0,0
1971,0,34,0,6,1,2,1
1972,1,30,0,8,1,0,0
1973,1,32,0,15,0,2,1
1974,1,36,0,1,0,2,1
1975,1,54,1,1,0,1,0
1976,1,24,0,1,1,1,0
1977,1,33,0,0,1,0,1
1978,1,28,1,0,0,1,1
1979,1,25,1,2,1,1,0
1980,1,47,0,3,0,2,0
1981,1,30,0,5,1,0,1
1982,1,22,0,11,0,2,1
1983,0,29,1,0,0,1,0
1984,0,39,1,1,0,1,0
1985,1,33,0,1,0,1,0
1986,0,33,0,28,0,0,0
1987,1,32,0,0,0,2,1
1988,0,28,1,0,1,1,0
1989,1,24,0,3,0,2,1
1990,1,33,1,3,0,2,1
1991,1,28,1,0,1,1,0
1992,1,23,0,0,1,1,0
1993,1,58,0,16,0,2,1
1994,1,30,1,1,1,1,1
1995,1,25,0,2,0,0,1
1996,1,56,0,16,0,0,1
1997,1,26,0,2,0,2,1
1998,1,22,1,0,0,0,1
1999,1,30,0,5,0,0,1
2000,1,26,0,6,1,1,0
2001,1,28,0,1,0,2,1
2002,1,25,1,8,0,1,0
2003,0,41,0,2,0,0,1
2004,1,28,0,4,1,0,1
2005,1,26,1,17,0,0,1
2006,0,51,0,7,0,1,0
2007,1,31,0,1,0,1,1
2008,1,22,1,1,1,2,1
2009,1,21,0,0,0,1,0
2010,0,29,0,0,0,1,0
2011,1,21,0,7,0,2,1
2012,1,37,1,0,0,0,1
2013,1,21,0,0,0,0,0
2014,1,58,0,1,1,2,1
2015,1,69,1,9,0,0,1
2016,0,49,1,1,1,1,0
2017,1,47,0,3,1,1,0
2018,1,23,0,3,0,0,1
2019,1,28,0,7,0,0,1
2020,1,26,0,12,1,1,0
2021,1,57,0,4,0,1,1
2022,1,58,0,0,0,1,1
2023,1,36,0,2,0,1,1
2024,1,21,1,2,0,1,0
2025,1,33,0,1,1,2,0
2026,1,30,0,11,0,1,1
2027,1,26,0,0,1,2,0
2028,1,31,1,13,0,2,0
2029,1,38,1,0,0,1,0
2030,1,28,0,0,0,2,1
2031,0,46,0,0,1,2,0
2032,1,53,1,0,0,1,0
2033,1,32,0,1,0,1,0
2034,0,30,0,0,0,1,1
2035,0,24,0,1,1,0,1
2036,1,32,0,1,0,1,1
2037,1,39,1,0,0,1,1
2038,1,35,1,0,1,1,0
2039,1,26,1,0,0,1,0
2040,1,24,0,1,0,1,0
2041,1,38,0,0,1,2,0
2042,0,51,0,1,0,1,0
2043,1,32,0,12,0,0,1
2044,1,24,0,16,0,0,1
2045,1,25,0,12,0,1,1
2046,1,20,0,26,0,0,1
2047,1,43,1,9,1,2,0
2048,1,37,1,0,0,2,1
2049,1,27,0,13,0,0,0
2050,1,24,1,1,0,1,0
2051,0,44,1,0,0,2,0
2052,0,36,0,6,1,0,0
2053,1,28,0,1,0,0,0
2054,1,29,0,4,0,1,0
2055,1,24,0,10,1,0,1
2056,1,54,1,2,1,1,0
2057,1,51,0,3,1,1,1
2058,1,46,1,2,0,1,0
2059,1,29,0,1,0,1,0
2060,1,54,1,0,1,1,0
2061,1,29,0,1,0,1,1
2062,1,58,0,0,1,1,0
2063,0,65,1,1,0,1,0
2064,1,33,0,2,0,1,0
2065,1,39,1,0,0,1,0
2066,1,24,0,0,0,2,0
2067,1,27,1,9,0,2,1
2068,1,30,0,1,0,1,1
2069,1,44,1,1,0,1,1
2070,1,25,0,6,1,2,1
2071,1,25,0,0,1,1,0
2072,0,49,1,0,0,1,0
2073,1,23,0,0,0,2,1
2074,1,53,0,2,1,1,0
2075,1,29,1,1,0,0,1
2076,1,24,0,13,0,0,1
2077,1,37,0,1,0,1,0
2078,0,28,1,1,1,1,1
2079,1,28,1,2,1,2,1
2080,1,59,0,0,0,1,0
2081,1,53,0,3,0,1,0
2082,1,37,0,0,1,1,0
2083,1,35,1,1,1,1,1
2084,1,25,0,9,1,2,1
2085,1,23,1,4,0,0,0
2086,0,34,0,1,0,0,1
2087,1,39,1,9,0,2,1
2088,0,29,0,9,0,0,1
2089,1,26,0,1,0,0,0
2090,1,57,0,9,1,2,0
2091,1,36,1,1,0,2,0
2092,1,27,0,0,1,1,0
2093,1,30,0,2,0,1,0
2094,0,21,1,3,0,1,1
2095,1,38,0,0,1,1,1
2096,1,38,1,2,0,1,0
2097,1,29,0,10,0,0,1
2098,1,35,1,1,1,1,0
2099,0,66,1,8,0,1,1
2100,1,50,0,1,1,1,0
2101,0,26,1,1,1,1,0
2102,1,29,0,24,1,0,0
2103,1,23,0,1,1,2,1
2104,1,23,0,20,0,1,1
2105,1,20,0,7,0,2,1
2106,1,34,1,0,1,1,0
2107,1,27,0,13,0,2,1
2108,1,28,1,7,0,2,0
2109,1,32,0,7,0,2,0
2110,1,34,0,0,1,0,0
2111,1,28,1,0,0,1,1
2112,1,30,0,20,0,0,0
2113,1,34,0,4,0,2,1
2114,1,61,0,17,0,0,1
2115,1,23,1,6,1,2,0
2116,1,33,0,2,0,0,1
2117,1,52,1,3,0,1,1
2118,1,67,1,1,1,1,0
2119,1,34,0,4,1,1,0
2120,1,74,0,0,0,1,0
2121,1,35,0,2,0,1,0
2122,1,40,1,3,1,1,0
2123,1,22,0,1,0,2,0
2124,1,29,1,3,1,1,0
2125,1,46,1,0,0,1,0
2126,1,40,0,0,0,2,0
2127,1,21,1,1,1,1,0
2128,1,22,0,12,1,0,1
2129,1,25,0,8,1,1,1
2130,1,29,1,0,0,1,0
2131,1,53,0,0,0,1,0
2132,0,51,1,1,1,1,1
2133,1,29,0,12,1,2,1
2134,1,21,0,12,0,2,1
2135,1,24,1,7,1,0,0
2136,1,57,1,1,0,1,0
2137,1,22,0,2,0,1,1
2138,1,25,0,19,1,2,1
2139,1,26,1,0,0,1,0
2140,1,28,0,2,0,2,1
2141,1,33,0,1,0,2,1
2142,0,35,0,3,1,1,0
2143,1,49,0,0,0,1,0
2144,1,48,0,2,0,1,0
2145,1,68,1,0,1,1,0
2146,1,24,0,12,1,1,0
2147,1,32,0,2,0,1,0
2148,0,23,0,7,0,2,1
2149,1,28,1,1,1,1,0
2150,1,29,0,0,0,0,1
2151,1,46,1,5,0,1,1
2152,1,39,1,0,0,1,0
2153,1,29,1,0,0,0,0
2154,1,28,0,1,0,1,0
2155,0,39,1,0,1,1,0
2156,1,42,1,1,0,1,0
2157,1,49,1,1,0,1,0
2158,1,28,0,12,1,2,1
2159,1,25,0,0,1,1,1
2160,1,26,1,9,1,2,1
2161,1,41,1,0,1,1,0
2162,1,20,0,1,0,0,1
2163,0,25,1,0,1,1,0
2164,1,53,1,0,1,1,0
2165,1,25,1,1,0,1,0
2166,1,57,0,0,1,1,0
2167,1,33,0,4,1,2,0
2168,1,20,0,1,0,2,1
2169,1,35,0,2,0,0,0
2170,1,44,0,3,0,1,0
2171,1,26,0,0,0,1,0
2172,1,51,0,1,0,2,0
2173,1,38,0,1,0,1,0
2174,0,43,1,0,0,1,0
2175,1,25,1,0,1,1,0
2176,1,30,1,0,0,1,0
2177,1,31,0,9,1,2,1
2178,1,26,0,0,0,0,1
2179,1,36,0,4,0,2,1
2180,1,31,0,12,0,0,0
2181,1,25,0,4,0,2,1
2182,1,56,0,0,1,1,0
2183,1,35,0,0,1,1,0
2184,1,34,1,10,0,2,1
2185,1,53,1,2,0,1,0
2186,1,35,0,5,0,0,1
2187,1,39,1,0,1,1,0
2188,1,41,1,8,0,2,0
2189,1,21,0,1,1,2,0
2190,1,34,0,3,0,2,1
2191,0,25,0,4,1,2,1
2192,1,22,0,2,0,2,1
2193,1,22,1,2,0,1,1
2194,1,26,0,19,0,0,1
2195,1,22,1,1,1,1,0
2196,1,25,1,20,0,0,0
2197,1,38,1,4,0,2,0
2198,1,24,0,1,0,0,1
2199,1,25,1,8,0,2,1
2200,0,48,1,4,0,1,0
2201,0,23,0,0,0,0,1
2202,0,20,0,25,1,0,1
2203,1,46,0,0,0,1,0
2204,1,24,0,9,0,2,0
2205,1,45,1,0,0,2,0
2206,1,25,0,0,0,2,1
2207,1,59,1,1,0,1,0
2208,0,33,0,0,1,1,0
2209,1,25,1,6,1,1,1
2210,0,45,0,1,1,1,1
2211,1,60,1,1,1,1,1
2212,0,46,0,0,1,1,0
2213,1,37,0,5,0,0,1
2214,1,50,1,0,0,1,0
2215,1,46,1,0,0,2,0
2216,1,35,0,5,0,1,0
2217,1,20,0,1,0,1,0
2218,1,24,1,2,0,1,0
2219,1,34,0,0,0,2,0
2220,1,33,0,0,1,1,1
2221,1,21,0,0,0,0,1
2222,1,20,1,2,0,2,1
2223,1,28,1,0,1,1,0
2224,1,28,1,12,0,0,1
2225,0,52,0,0,0,1,0
2226,1,63,0,0,0,1,0
2227,0,38,1,1,0,1,1
2228,1,30,0,6,0,1,1
2229,1,30,1,11,0,0,1
2230,1,34,0,5,1,2,1
2231,1,33,0,0,0,1,0
2232,1,38,1,2,1,1,1
2233,1,32,0,8,0,2,1
2234,0,34,0,0,0,1,0
2235,1,24,0,4,0,0,1
2236,1,20,0,0,0,0,1
2237,1,25,0,9,1,1,0
2238,1,21,0,0,0,1,1
2239,0,39,1,0,0,1,1
2240,1,30,0,0,1,1,0
2241,1,22,0,2,1,1,0
2242,1,34,1,0,1,1,0
2243,1,22,0,0,0,1,0
2244,1,22,0,4,0,2,1
2245,1,22,0,19,0,0,1
2246,1,27,0,0,0,1,1
2247,0,41,1,1,0,1,0
2248,1,25,0,0,0,1,0
2249,1,25,0,0,0,2,0
2250,1,46,0,20,0,2,0
2251,1,33,0,0,1,1,0
2252,1,28,0,1,1,1,0
2253,1,36,0,0,1,1,0
2254,1,22,0,5,0,1,0
2255,1,52,0,15,0,2,0
2256,1,29,1,2,1,1,0
2257,1,60,1,9,0,1,1
2258,1,51,0,0,0,1,0
2259,1,51,1,0,1,1,0
2260,1,29,0,0,0,1,0
2261,1,60,1,1,1,1,0
2262,1,36,0,0,1,1,0
2263,1,34,0,0,0,1,0
2264,1,41,0,4,1,2,1
2265,1,31,0,1,1,0,1
2266,1,39,0,2,0,1,1
2267,0,23,1,1,1,1,0
2268,0,30,0,0,0,2,1
2269,1,39,1,2,1,1,0
2270,1,80,1,1,1,2,1
2271,1,21,0,1,0,1,0
2272,1,47,0,0,1,0,0
2273,1,32,0,0,1,1,0
2274,1,50,1,1,1,1,0
2275,0,27,1,5,1,1,1
2276,1,39,1,0,0,2,0
2277,0,67,1,5,1,1,0
2278,1,35,1,17,0,0,1
2279,1,24,0,4,0,0,1
2280,1,74,1,5,0,1,0
2281,1,40,1,0,0,2,1
2282,1,53,0,2,1,2,1
2283,1,56,1,0,1,0,0
2284,1,43,0,0,0,1,1
2285,1,25,1,6,1,2,1
2286,1,47,1,2,0,1,0
2287,0,56,1,4,1,1,0
2288,1,22,0,2,1,0,1
2289,0,32,0,14,0,0,1
2290,1,43,0,12,0,0,1
2291,1,35,0,9,0,2,1
2292,0,28,0,2,0,1,0
2293,1,37,0,2,0,1,0
2294,0,44,0,1,1,1,0
2295,0,20,0,0,0,1,0
2296,1,48,0,5,0,0,0
2297,1,26,0,3,0,1,0
2298,1,68,1,1,0,0,1
2299,1,24,0,1,0,0,1
2300,0,32,1,2,0,2,1
2301,0,48,1,0,0,1,0
2302,1,27,0,2,1,1,1
2303,1,26,0,3,0,2,0
2304,1,26,0,22,0,0,1
2305,1,39,1,2,0,2,1
2306,0,54,1,2,0,2,0
2307,1,33,0,10,1,1,1
2308,1,39,1,1,1,1,0
2309,1,34,0,38,0,2,0
2310,1,30,0,1,0,1,0
2311,0,22,0,3,0,0,1
2312,0,43,0,7,1,2,1
2313,1,45,0,3,0,2,1
2314,0,47,0,5,1,0,1
2315,1,22,1,2,1,1,1
2316,1,57,1,11,0,0,1
2317,1,61,0,0,0,1,1
2318,1,32,0,1,0,0,1
2319,0,24,0,6,0,0,1
2320,1,25,0,7,1,0,1
2321,1,30,1,4,0,2,0
2322,1,36,0,0,0,2,0
2323,1,21,0,3,0,0,1
2324,1,25,0,1,0,2,0
2325,1,31,1,0,0,2,1
2326,1,30,0,7,1,0,1
2327,1,46,0,7,0,0,1
2328,1,34,1,6,0,2,1
2329,0,39,1,3,0,1,0
2330,1,31,0,1,0,2,1
2331,1,34,0,17,1,1,0
2332,1,30,0,1,0,1,0
2333,1,38,0,1,1,1,0
2334,1,35,0,1,0,1,0
2335,1,27,1,0,0,2,0
2336,1,36,0,17,1,2,1
2337,1,32,0,15,0,0,1
2338,1,28,0,3,1,1,1
2339,0,51,0,3,0,2,1
2340,0,50,1,1,0,0,0
2341,1,22,1,1,0,2,0
2342,0,41,0,1,1,1,0
2343,1,64,0,3,0,1,0
2344,1,35,0,0,1,1,0
2345,1,34,0,1,0,2,1
2346,1,30,0,0,0,1,0
2347,1,28,1,11,0,2,1
2348,1,26,1,5,0,2,1
2349,1,27,1,0,0,2,0
2350,1,41,1,0,0,1,0
2351,1,31,0,3,0,2,1
2352,1,27,0,4,1,0,1
2353,1,35,0,1,1,0,1
2354,1,33,0,3,1,1,0
2355,1,52,0,0,0,1,0
2356,1,50,0,0,0,1,0
2357,1,47,1,4,1,1,1
2358,1,48,1,5,0,1,1
2359,1,54,1,3,0,2,1
2360,0,65,1,0,0,1,0
2361,1,27,0,6,0,1,0
2362,0,22,0,0,1,1,1
2363,0,44,0,0,1,0,1
2364,1,41,0,2,1,1,0
2365,1,37,0,15,1,2,0
2366,0,65,1,3,0,2,1
2367,1,24,1,4,0,2,1
2368,1,32,0,15,0,2,0
2369,0,29,0,6,0,0,0
2370,0,27,0,1,0,0,1
2371,1,22,0,6,1,2,1
2372,1,23,1,4,1,0,1
2373,0,44,1,0,1,1,0
2374,1,21,0,7,0,2,1
2375,1,24,0,1,0,2,0
2376,1,54,1,9,0,0,1
2377,1,40,0,3,0,1,1
2378,1,26,0,2,0,2,0
2379,1,36,0,0,0,2,1
2380,1,29,1,0,1,1,0
2381,1,61,0,0,0,1,0
2382,1,44,0,0,1,2,0
2383,1,25,0,0,0,2,0
2384,1,21,0,22,0,0,1
2385,1,21,0,4,0,2,0
2386,1,20,1,2,0,2,1
2387,1,25,0,14,0,2,1
2388,1,26,1,0,0,2,1
2389,0,24,0,0,0,2,0
2390,1,41,1,0,0,1,0
2391,1,26,0,5,1,1,0
2392,1,44,0,0,1,1,0
2393,1,30,0,1,0,1,0
2394,1,27,0,15,0,2,1
2395,1,55,1,2,0,1,0
2396,0,29,1,0,1,1,0
2397,0,36,0,1,0,1,0
2398,1,34,0,6,0,2,0
2399,1,27,0,2,0,1,0
2400,1,27,0,8,1,1,0
2401,1,24,0,13,0,2,1
2402,1,33,0,15,0,0,0
2403,1,30,0,2,0,2,0
2404,1,25,0,0,0,1,0
2405,1,36,0,28,0,0,0
2406,0,48,0,0,0,1,0
2407,1,51,0,0,0,1,1
2408,1,58,0,9,0,1,0
2409,1,36,0,0,0,1,1
2410,1,61,0,3,1,1,0
2411,0,60,1,0,0,1,0
2412,1,43,0,2,1,1,1
2413,1,21,0,8,0,1,1
2414,0,22,0,1,0,1,0
2415,1,47,1,5,0,2,1
2416,1,25,0,0,1,1,1
2417,1,23,0,1,0,1,0
2418,0,37,0,0,0,0,0
2419,0,38,0,0,1,1,0
2420,1,31,0,0,0,2,1
2421,1,34,0,0,1,1,0
2422,1,23,0,6,1,2,1
2423,1,22,0,1,1,1,1
2424,1,36,0,27,1,0,1
2425,1,21,0,0,0,2,0
2426,1,27,0,6,0,2,0
2427,1,35,0,3,0,2,0
2428,0,42,0,2,0,2,1
2429,0,34,0,0,0,2,0
2430,0,23,0,2,1,2,1
2431,1,55,1,0,1,1,0
2432,1,54,1,5,1,1,1
2433,0,33,0,0,1,1,0
2434,0,40,0,2,1,1,0
2435,1,40,0,0,1,1,0
2436,1,25,0,0,1,1,1
2437,1,35,0,6,0,0,1
2438,1,24,1,0,1,2,1
2439,0,21,1,9,1,1,0
2440,1,27,1,1,0,0,0
2441,1,25,0,0,0,0,0
2442,1,30,0,2,1,1,0
2443,0,28,0,1,0,2,0
2444,1,26,0,0,0,0,1
2445,0,33,0,0,1,1,1
2446,1,27,0,10,0,0,1
2447,1,23,1,0,1,1,0
2448,1,34,0,8,0,1,0
2449,1,28,1,0,1,1,0
2450,1,38,0,6,0,1,0
2451,1,52,0,0,1,1,0
2452,1,20,0,9,0,1,1
2453,1,51,0,1,0,0,0
2454,1,30,0,5,0,2,1
2455,0,26,1,1,0,1,0
2456,1,46,0,17,0,2,1
2457,0,42,1,1,0,1,0
2458,1,27,0,0,0,2,1
2459,1,39,1,0,0,1,0
2460,1,27,0,9,1,0,0
2461,1,23,0,1,1,0,1
2462,1,25,0,15,0,0,1
2463,0,27,0,0,0,1,1
2464,1,27,0,3,0,2,1
2465,1,54,0,0,0,1,0
2466,1,26,1,10,0,0,1
2467,1,21,1,2,1,0,0
2468,1,56,1,0,1,1,0
2469,1,37,0,1,1,1,0
2470,1,23,0,8,1,0,1
2471,1,43,0,1,1,1,0
2472,1,27,1,2,0,1,1
2473,1,37,1,0,1,1,0
2474,1,57,1,0,1,1,0
2475,1,37,1,6,1,2,1
2476,0,65,1,1,0,1,0
2477,1,28,1,8,0,2,1
2478,0,46,1,3,0,2,1
2479,1,40,1,1,0,1,0
2480,1,57,0,5,0,0,1
2481,1,26,0,6,0,0,1
2482,1,54,1,4,1,1,0
2483,1,39,1,2,0,1,1
2484,1,27,0,9,1,0,1
2485,1,44,1,0,1,2,0
2486,1,46,0,2,0,1,1
2487,1,24,0,1,1,2,1
2488,0,22,1,0,0,2,0
2489,1,35,0,1,1,1,0
2490,1,23,0,6,0,2,1
2491,1,27,0,19,0,0,1
2492,1,24,0,1,1,1,0
2493,1,24,0,6,0,2,1
2494,0,24,0,3,0,1,0
2495,0,24,0,0,0,1,0
2496,1,61,0,0,1,1,1
2497,1,41,0,3,1,1,0
2498,1,24,0,6,0,0,1
2499,0,24,1,0,0,1,0
2500,1,38,0,14,1,1,0
2501,0,31,0,3,0,2,1
2502,1,27,1,1,1,1,1
2503,0,39,1,0,1,1,0
2504,1,35,0,4,1,1,0
2505,1,51,0,4,1,1,0
2506,1,34,0,0,0,1,0
2507,0,22,0,0,0,0,1
2508,1,33,0,0,0,0,1
2509,1,62,1,0,0,1,0
2510,0,64,1,2,0,1,0
2511,0,41,0,2,1,1,1
2512,0,31,1,1,0,0,1
2513,1,50,0,7,0,0,1
2514,0,28,1,0,1,2,0
2515,0,49,1,0,1,1,0
2516,1,39,0,11,0,2,0
2517,1,52,1,1,0,1,1
2518,1,47,1,0,0,0,0
2519,1,22,1,1,0,1,0
2520,1,23,1,1,0,1,1
2521,1,20,0,11,0,2,0
2522,1,22,0,10,0,0,1
2523,1,23,1,0,1,1,0
2524,1,45,1,1,1,1,1
2525,1,56,1,2,1,1,0
2526,1,50,0,8,0,1,0
2527,1,49,0,2,1,1,0
2528,1,24,1,13,1,1,0
2529,1,29,0,7,0,2,0
2530,1,44,0,2,0,1,0
2531,0,26,0,3,0,2,1
2532,1,51,1,5,0,0,1
2533,1,25,0,3,1,0,1
2534,1,65,1,0,0,1,0
2535,1,26,1,1,1,1,0
2536,1,57,0,0,0,1,0
2537,1,27,1,1,1,0,1
2538,1,38,1,0,0,1,1
2539,1,20,0,0,0,0,1
2540,1,46,0,1,0,1,0
2541,0,39,1,0,0,1,0
2542,1,46,0,1,0,2,0
2543,1,33,1,1,1,1,1
2544,1,36,0,0,0,0,0
2545,1,35,0,1,0,1,1
2546,1,29,0,4,0,2,1
2547,0,40,1,2,0,2,1
2548,1,55,0,0,1,1,0
2549,0,32,1,1,0,1,0
2550,1,38,1,5,0,1,1
2551,1,43,0,6,0,2,1
2552,1,39,1,10,0,1,1
2553,0,21,1,0,0,0,0
2554,1,56,1,2,0,1,0
2555,1,32,0,3,0,2,1
2556,1,29,0,1,0,2,1
2557,1,27,0,0,0,1,0
2558,1,54,1,1,0,1,0
2559,0,34,0,0,0,1,1
2560,0,21,0,2,1,2,0
2561,1,29,0,2,0,2,0
2562,1,25,0,9,0,0,1
2563,1,29,1,17,0,2,1
2564,1,47,1,0,1,1,0
2565,1,21,0,9,0,2,0
2566,1,49,1,0,0,2,0
2567,1,49,1,2,0,1,0
2568,1,56,0,1,1,1,0
2569,1,21,0,2,0,2,1
2570,1,20,1,2,0,0,0
2571,1,34,0,0,0,0,1
2572,1,22,1,1,0,0,0
2573,1,30,0,28,0,0,1
2574,1,39,1,1,1,1,1
2575,1,26,0,22,1,0,1
2576,1,52,1,1,0,2,0
2577,1,29,0,4,0,0,1
2578,1,24,0,8,0,1,1
2579,1,69,1,0,1,1,1
2580,1,26,0,1,1,1,1
2581,0,33,0,4,0,1,1
2582,1,36,0,0,0,0,1
2583,0,28,0,2,1,1,0
2584,1,26,0,0,0,1,1
2585,1,56,0,3,1,0,1
2586,1,47,0,1,0,1,1
2587,1,23,0,0,0,1,0
2588,0,24,0,4,0,0,1
2589,1,29,0,3,0,2,1
2590,1,50,1,1,0,1,0
2591,1,42,0,5,0,0,1
2592,1,51,1,1,1,1,0
2593,1,31,0,1,1,2,1
2594,1,25,0,1,0,2,1
2595,1,51,0,11,0,2,0
2596,1,59,0,2,0,1,0
2597,1,28,1,2,1,1,1
2598,1,20,0,3,1,1,1
2599,1,21,0,9,1,0,1
2600,1,51,1,1,1,1,0
2601,0,23,0,1,0,1,1
2602,0,22,0,0,1,1,0
2603,0,26,0,0,1,1,0
2604,1,23,1,1,0,1,0
2605,1,61,0,0,1,2,0
2606,1,30,0,0,0,2,0
2607,1,52,1,1,0,1,0
2608,0,24,0,2,0,2,1
2609,1,36,0,17,0,0,1
2610,0,44,1,1,0,1,1
2611,1,25,0,19,1,0,0
2612,1,27,0,20,1,0,1
2613,1,30,0,2,1,1,0
2614,1,50,1,0,1,1,1
2615,1,50,1,0,0,1,1
2616,1,48,0,15,0,2,0
2617,1,39,1,10,0,0,0
2618,1,29,0,2,1,1,1
2619,1,21,0,17,0,0,1
2620,1,30,0,0,1,1,0
2621,0,34,1,1,0,1,1
2622,1,51,0,1,1,0,1
2623,1,48,0,1,0,1,0
2624,1,21,1,10,0,2,1
2625,1,37,1,4,1,1,1
2626,1,27,0,1,0,0,0
2627,1,22,0,7,0,1,1
2628,1,26,0,1,0,2,1
2629,1,40,0,2,0,1,0
2630,1,28,0,2,1,1,0
2631,0,59,0,12,1,2,1
2632,1,32,0,2,0,1,1
2633,1,53,1,6,1,1,0
2634,1,21,0,9,0,0,1
2635,1,23,0,4,0,2,1
2636,1,35,1,0,0,1,0
2637,0,39,1,18,0,2,1
2638,1,35,0,18,0,2,1
2639,1,57,1,1,1,1,0
2640,1,28,0,5,0,1,1
2641,1,29,1,1,0,1,0
2642,1,49,1,0,0,1,0
2643,1,22,1,0,1,1,0
2644,1,21,0,4,0,0,0
2645,1,29,0,14,0,0,1
2646,1,32,1,0,1,1,1
2647,1,27,0,1,0,1,0
2648,1,54,1,6,0,0,0
2649,1,21,0,4,0,2,1
2650,1,29,0,0,1,2,1
2651,1,45,1,0,1,1,0
2652,0,28,0,16,0,0,1
2653,1,50,1,0,1,1,1
2654,0,31,0,21,0,2,1
2655,0,39,1,4,1,2,0
2656,1,50,1,1,0,1,0
2657,1,49,1,5,0,2,1
2658,1,53,0,4,0,1,1
2659,1,26,0,0,1,0,0
2660,1,36,0,1,0,0,1
2661,1,28,0,0,1,2,1
2662,1,61,1,0,1,1,0
2663,1,34,0,6,0,2,1
2664,1,35,1,5,0,2,1
2665,1,27,0,6,0,1,1
2666,1,26,0,2,1,2,0
2667,0,23,0,2,0,0,0
2668,0,33,0,1,0,2,0
2669,1,23,0,8,0,0,1
2670,1,43,1,1,1,2,1
2671,0,20,0,0,0,0,1
2672,1,54,0,1,0,2,1
2673,0,33,1,0,0,0,1
2674,1,49,1,1,0,1,0
2675,1,22,0,0,0,1,1
2676,1,32,1,1,0,0,1
2677,1,58,0,0,1,1,0
2678,0,36,0,2,0,2,1
2679,1,33,0,6,1,0,1
2680,1,36,1,1,0,2,1
2681,1,35,1,0,0,1,1
2682,0,63,1,2,1,1,0
2683,1,44,0,14,0,2,0
2684,1,63,1,1,0,2,0
2685,1,20,1,4,0,0,1
2686,1,40,1,0,0,1,0
2687,1,19,1,33,0,0,1
2688,1,23,0,1,0,1,0
2689,0,54,0,2,1,1,0
2690,1,28,0,12,1,2,1
2691,1,30,1,6,0,0,1
2692,1,22,1,3,0,2,0
2693,0,53,1,0,1,1,1
2694,0,46,1,0,1,1,0
2695,1,37,0,0,1,1,0
2696,1,20,1,5,0,0,1
2697,1,32,0,8,1,2,1
2698,1,25,1,0,1,1,1
2699,1,32,0,0,1,0,1
2700,1,32,1,2,0,1,0
2701,1,32,1,0,1,1,1
2702,0,57,1,0,1,1,0
2703,1,24,1,0,1,2,0
2704,0,39,1,9,1,0,1
2705,1,23,0,6,0,0,1
2706,1,32,1,12,1,2,1
2707,1,44,1,0,0,1,0
2708,0,49,0,4,1,1,0
2709,0,36,0,0,1,1,1
2710,1,25,0,7,0,2,1
2711,0,28,1,0,1,1,1
2712,1,24,0,19,0,0,0
2713,1,36,1,0,1,1,0
2714,1,32,1,2,0,1,0
2715,0,42,0,0,1,2,0
2716,0,39,0,5,0,1,0
2717,1,56,0,2,1,1,1
2718,1,38,0,0,0,1,0
2719,1,22,0,3,1,1,1
2720,1,46,1,2,1,2,0
2721,1,23,0,12,0,0,0
2722,1,50,0,10,0,2,1
2723,1,27,0,0,0,2,1
2724,1,22,0,6,0,2,0
2725,1,24,0,11,0,0,1
2726,1,22,1,3,1,2,1
2727,1,23,0,4,1,1,0
2728,1,23,1,0,0,2,1
2729,1,43,0,10,1,2,0
2730,0,51,1,1,1,1,0
2731,1,24,0,4,1,2,1
2732,1,28,0,2,1,1,0
2733,1,33,1,6,0,2,1
2734,1,37,1,0,0,1,0
2735,1,42,0,13,0,2,1
2736,1,27,0,4,0,2,1
2737,1,35,1,0,1,1,0
2738,1,34,0,0,1,0,1
2739,1,46,0,3,0,2,0
2740,1,20,0,1,0,2,1
2741,1,56,1,0,0,1,0
2742,1,44,1,6,0,1,1
2743,1,58,1,6,0,2,1
2744,0,23,0,1,0,1,0
2745,0,20,0,1,0,0,0
2746,1,20,0,3,0,0,1
2747,1,25,0,17,1,0,1
2748,0,48,0,1,1,1,0
2749,1,24,0,8,1,0,1
2750,1,21,0,6,0,0,1
2751,1,24,1,5,0,2,1
2752,1,32,0,3,0,1,1
2753,1,37,0,2,1,1,0
2754,1,35,0,1,1,1,0
2755,1,35,0,4,0,2,0
2756,0,54,1,3,0,1,0
2757,1,27,0,19,0,2,1
2758,1,25,0,0,0,1,1
2759,0,25,0,9,0,0,0
2760,1,26,0,4,0,0,1
2761,1,35,1,0,1,2,1
2762,1,25,1,0,1,2,0
2763,1,28,0,7,0,2,1
2764,1,31,0,11,1,1,0
2765,1,39,0,1,0,1,0
2766,1,39,1,0,0,1,0
2767,1,29,0,1,1,1,0
2768,0,41,1,0,1,1,0
2769,1,46,1,0,1,1,1
2770,0,29,0,0,0,1,1
2771,1,30,0,0,1,1,0
2772,1,23,0,16,0,0,1
2773,1,27,0,1,1,1,0
2774,1,21,0,19,0,0,1
2775,1,32,0,3,0,1,0
2776,1,43,1,0,1,0,1
2777,1,27,0,5,1,0,1
2778,0,27,0,10,0,2,0
2779,1,23,1,1,0,2,1
2780,0,43,0,0,0,2,0
2781,0,35,1,0,1,1,0
2782,1,50,1,20,0,2,0
2783,1,38,1,0,0,1,0
2784,0,33,1,0,1,1,0
2785,1,33,0,15,0,0,1
2786,1,23,1,0,0,0,1
2787,1,26,0,0,1,1,1
2788,1,49,0,1,0,2,1
2789,1,26,0,2,0,0,1
2790,1,33,0,8,1,0,1
2791,0,26,1,0,1,1,0
2792,0,36,0,1,0,2,0
2793,1,31,1,14,0,0,1
2794,1,22,0,10,0,0,1
2795,1,21,1,2,0,2,1
2796,1,23,1,13,0,0,1
2797,1,42,1,0,0,2,1
2798,0,30,1,0,1,1,0
2799,1,33,0,5,0,2,1
2800,1,53,0,2,0,2,0
2801,0,55,1,0,0,1,0
2802,1,24,0,22,0,2,1
2803,1,37,1,0,0,0,1
2804,1,24,1,4,1,2,0
2805,1,40,1,3,1,1,1
2806,1,60,0,1,0,2,0
2807,1,29,0,2,0,0,1
2808,0,37,0,2,1,1,0
2809,1,37,0,10,0,0,1
2810,1,30,1,0,0,1,1
2811,1,55,0,15,0,2,0
2812,1,52,1,0,1,1,1
2813,1,45,0,0,1,1,0
2814,1,21,1,6,0,0,1
2815,0,43,1,0,1,1,0
2816,0,56,1,1,0,1,0
2817,1,51,0,1,0,1,0
2818,1,28,0,4,0,1,1
2819,1,43,1,1,0,1,0
2820,1,25,1,1,1,2,0
2821,1,57,0,0,1,1,1
2822,1,44,0,1,1,1,0
2823,1,23,0,26,0,0,1
2824,1,27,0,4,1,1,0
2825,1,24,1,1,0,1,1
2826,1,67,1,6,0,1,0
2827,1,32,0,1,0,2,0
2828,1,20,0,1,0,0,1
2829,0,20,0,1,1,0,0
2830,1,28,1,0,0,0,0
2831,1,21,0,1,0,1,0
2832,1,24,0,0,1,2,0
2833,1,23,1,11,0,2,0
2834,1,26,1,4,0,2,1
2835,1,24,1,8,1,1,0
2836,0,40,1,0,0,2,0
2837,1,36,1,3,0,1,0
2838,1,49,1,1,0,1,0
2839,1,28,0,0,1,2,0
2840,1,42,0,0,1,1,0
2841,0,24,0,0,0,0,0
2842,1,42,0,3,0,2,0
2843,1,34,1,1,0,1,0
2844,1,41,1,2,1,1,0
2845,1,27,1,0,1,1,0
2846,1,42,0,4,0,1,0
2847,0,64,1,0,1,1,0
2848,1,31,0,1,1,2,0
2849,1,33,1,3,0,0,1
2850,1,59,0,3,0,1,1
2851,1,27,0,3,0,0,1
2852,1,29,0,0,0,2,0
2853,1,27,1,1,0,1,1
2854,1,24,0,0,0,1,0
2855,1,44,1,0,1,1,0
2856,1,29,0,0,0,0,0
2857,1,27,0,9,0,0,1
2858,1,25,1,1,0,1,0
2859,1,29,0,0,1,1,1
2860,1,21,1,11,0,0,1
2861,1,23,1,0,1,1,0
2862,1,25,1,3,0,2,1
2863,1,27,0,3,1,2,0
2864,1,69,1,0,1,0,0
2865,0,22,1,4,0,2,1
2866,1,45,1,3,1,1,0
2867,0,56,1,5,0,2,0
2868,1,38,0,0,0,0,0
2869,1,28,0,2,1,1,1
2870,1,31,0,1,1,1,0
2871,1,55,0,10,0,2,1
2872,1,40,0,0,1,1,0
2873,1,44,1,5,1,1,1
2874,1,40,0,12,0,1,1
2875,1,29,0,4,0,2,1
2876,1,21,1,0,0,0,0
2877,1,20,0,1,0,0,1
2878,1,24,1,0,1,2,1
2879,0,33,0,9,0,1,1
2880,0,23,0,0,0,2,1
2881,1,19,0,8,1,2,1
2882,1,22,0,3,0,0,1
2883,1,29,0,0,1,0,1
2884,1,29,1,0,0,1,0
2885,1,20,1,0,0,1,1
2886,0,74,1,4,0,1,1
2887,1,48,0,13,0,1,1
2888,1,38,0,8,0,2,0
2889,1,24,0,3,0,0,0
2890,0,34,0,8,1,2,0
2891,1,51,0,11,0,0,0
2892,1,26,0,1,0,0,0
2893,1,54,0,8,0,0,1
2894,1,28,0,4,0,2,0
2895,1,29,1,4,0,1,0
2896,1,46,0,0,1,1,0
2897,0,24,0,4,0,2,0
2898,1,27,0,0,0,1,1
2899,1,23,0,1,0,1,0
2900,1,57,1,0,1,1,0
2901,0,62,1,0,1,1,0
2902,1,30,1,5,0,1,0
2903,1,23,1,1,1,1,0
2904,1,51,0,0,0,0,1
2905,1,39,1,0,1,1,0
2906,0,29,0,0,1,1,1
2907,0,28,0,6,0,2,1
2908,1,21,0,5,0,0,0
2909,0,36,1,5,0,2,1
2910,0,46,0,0,0,1,1
2911,1,54,0,4,1,1,1
2912,1,26,1,1,0,1,1
2913,1,28,1,0,0,2,0
2914,1,25,0,10,0,0,1
2915,1,45,0,0,0,2,0
2916,0,51,1,0,1,1,0
2917,0,26,1,10,0,2,1
2918,1,25,0,0,0,2,0
2919,1,24,1,2,0,0,1
2920,1,24,1,1,0,1,0
2921,1,27,0,6,0,0,1
2922,1,36,0,0,1,2,0
2923,1,34,1,0,0,1,0
2924,1,44,1,1,1,1,0
2925,1,31,1,0,0,1,1
2926,1,24,0,6,0,2,0
2927,1,21,0,7,0,1,0
2928,0,55,0,2,0,2,0
2929,1,23,0,2,0,2,0
2930,1,27,1,1,0,1,1
2931,1,47,0,19,0,2,1
2932,1,37,0,2,1,2,1
2933,1,23,0,0,0,1,1
2934,0,38,1,0,0,1,0
2935,1,21,0,0,1,1,0
2936,1,22,0,8,0,2,1
2937,1,43,0,11,0,0,1
2938,1,24,0,7,0,0,1
2939,1,23,0,3,1,2,0
2940,1,46,1,6,1,1,0
2941,1,20,0,7,0,1,1
2942,0,34,0,1,1,1,0
2943,1,30,0,18,0,2,1
2944,0,26,0,5,0,1,1
2945,1,46,0,1,0,1,0
2946,1,21,0,1,0,0,1
2947,1,43,0,1,0,2,0
2948,1,37,1,0,1,2,0
2949,1,21,0,11,0,2,1
2950,1,35,0,0,1,1,0
2951,1,24,0,11,0,0,1
2952,1,67,1,4,0,1,0
2953,1,24,0,0,0,1,0
2954,1,22,0,2,0,0,1
2955,1,39,1,0,0,1,0
2956,1,66,1,0,1,1,0
2957,1,26,1,3,0,2,0
2958,1,41,0,6,1,0,1
2959,1,38,1,0,1,1,0
2960,1,28,0,2,0,1,0
2961,0,24,0,0,1,1,0
2962,1,29,1,0,0,0,1
2963,1,32,0,13,0,0,1
2964,1,34,1,0,0,1,0
2965,1,46,1,13,0,2,1
2966,1,33,1,2,0,2,0
2967,0,60,0,0,0,1,0
2968,1,44,0,2,1,2,1
2969,1,24,0,5,0,2,1
2970,1,23,0,3,1,2,1
2971,1,49,1,6,1,1,1
2972,1,63,1,0,0,1,0
2973,1,23,0,3,0,2,0
2974,1,45,0,0,1,1,0
2975,1,72,1,0,1,0,0
2976,1,32,0,0,0,1,1
2977,1,22,1,3,1,1,1
2978,1,49,1,9,0,1,1
2979,1,27,1,2,0,1,0
2980,1,31,0,5,1,0,1
2981,1,27,1,7,0,1,1
2982,0,24,1,0,0,1,0
2983,1,32,0,0,0,1,0
2984,1,53,1,2,1,1,0
2985,1,43,1,0,0,1,0
2986,1,36,1,5,0,0,1
2987,1,21,0,2,0,1,0
2988,1,22,0,15,0,2,1
2989,1,47,0,8,0,0,1
2990,1,24,0,13,1,0,1
2991,1,23,1,11,0,2,0
2992,1,33,0,13,0,0,1
2993,1,54,0,0,1,1,0
2994,1,53,1,0,0,1,0
2995,1,28,0,1,0,1,1
2996,0,28,0,4,1,2,1
2997,1,36,1,2,1,1,0
2998,1,27,0,3,1,2,1
2999,0,35,0,0,0,1,0
3000,1,41,0,0,1,1,0
3001,1,36,0,0,1,1,1
3002,0,31,1,2,0,2,1
3003,1,26,1,8,0,2,0
3004,1,26,0,0,0,1,0
3005,0,50,1,5,0,1,0
3006,1,21,0,0,0,0,0
3007,1,23,0,1,0,0,0
3008,1,49,0,3,0,1,1
3009,1,38,1,5,1,1,0
3010,0,28,0,3,0,2,1
3011,1,38,0,6,0,0,1
3012,1,34,0,3,0,0,1
3013,0,32,0,2,0,1,0
3014,1,46,1,7,0,1,0
3015,1,21,0,5,0,0,1
3016,0,26,1,1,1,2,1
3017,1,52,1,0,0,1,0
3018,1,34,0,9,0,1,1
3019,1,22,1,0,0,1,0
3020,1,39,1,2,0,1,0
3021,0,61,1,4,0,2,0
3022,1,37,1,2,0,1,1
3023,1,21,0,0,0,2,1
3024,0,44,1,0,0,1,0
3025,1,23,0,1,0,2,0
3026,1,35,1,0,1,1,0
3027,1,42,0,0,0,1,0
3028,1,30,0,0,0,2,1
3029,1,43,1,2,1,1,0
3030,0,53,1,0,1,1,0
3031,1,24,0,1,0,2,1
3032,0,23,1,16,0,0,1
3033,0,37,0,1,0,0,1
3034,0,48,0,0,0,0,0
3035,1,45,0,14,0,2,1
3036,1,60,0,0,0,1,1
3037,0,21,0,0,0,2,0
3038,1,68,1,3,0,0,0
3039,1,51,1,9,1,1,1
3040,1,22,0,4,1,1,0
3041,1,23,0,14,0,0,1
3042,1,29,1,1,1,1,1
3043,1,59,1,5,0,1,1
3044,1,26,0,0,0,2,1
3045,0,35,0,1,1,0,0
3046,0,36,1,1,1,1,0
3047,0,46,1,7,1,1,1
3048,1,40,1,1,0,1,0
3049,0,30,1,3,1,1,1
3050,1,48,1,4,0,1,0
3051,0,20,0,3,0,2,1
3052,0,32,0,3,1,1,0
3053,1,21,1,2,0,0,1
3054,0,36,1,2,0,1,0
3055,1,32,0,3,0,0,1
3056,1,28,0,2,0,2,1
3057,1,29,0,5,0,1,0
3058,1,23,0,3,0,1,0
3059,1,21,0,15,0,0,0
3060,1,56,0,0,1,1,0
3061,1,30,0,0,1,1,1
3062,1,35,0,0,1,1,0
3063,1,24,0,1,0,1,0
3064,1,39,1,3,0,0,1
3065,1,23,0,2,1,2,0
3066,1,37,0,3,1,0,1
3067,1,28,0,19,1,0,1
3068,1,25,0,0,0,1,0
3069,1,48,0,12,0,2,1
3070,1,27,1,19,0,1,1
3071,1,26,0,14,0,0,1
3072,1,56,1,1,1,1,0
3073,0,35,1,0,0,1,1
3074,1,35,0,16,0,2,1
3075,1,28,1,0,1,1,0
3076,1,52,1,18,0,2,1
3077,1,35,0,0,1,2,0
3078,1,45,1,0,1,1,0
3079,1,53,1,2,0,1,0
3080,0,30,0,5,0,0,1
3081,1,23,0,6,0,1,0
3082,1,24,0,1,0,0,1
3083,0,23,0,1,1,1,0
3084,0,27,1,0,0,2,1
3085,0,20,1,5,1,2,1
3086,1,53,1,1,0,1,1
3087,1,36,0,0,0,1,0
3088,1,30,0,6,0,1,0
3089,1,57,0,0,0,2,0
3090,0,27,0,5,0,0,1
3091,1,35,0,17,0,0,1
3092,1,20,0,14,0,0,1
3093,1,34,0,1,0,0,1
3094,1,68,1,1,0,1,0
3095,1,26,0,10,0,2,1
3096,1,21,1,0,0,2,0
3097,0,33,0,0,1,1,0
3098,1,27,1,0,0,2,1
3099,1,55,1,8,1,1,0
3100,1,31,0,0,1,2,0
3101,0,62,1,0,1,1,0
3102,1,51,0,0,1,1,0
3103,1,47,0,0,0,1,0
3104,0,22,0,5,0,2,1
3105,1,22,0,3,1,2,1
3106,0,27,0,0,1,2,0
3107,1,47,1,2,0,1,0
3108,0,33,1,1,0,2,0
3109,1,40,1,0,0,1,0
3110,1,21,0,11,0,2,1
3111,1,23,1,6,1,2,1
3112,0,30,0,2,1,0,0
3113,1,22,0,6,1,2,0
3114,1,59,1,0,1,1,1
3115,1,30,0,0,0,2,1
3116,0,39,1,3,1,2,1
3117,1,36,0,1,0,1,0
3118,1,35,1,0,0,1,1
3119,1,23,0,0,1,1,1
3120,1,55,1,0,0,1,0
3121,0,48,1,0,1,1,0
3122,1,64,0,1,1,1,1
3123,1,25,0,4,0,0,1
3124,1,25,0,8,0,1,1
3125,1,22,0,4,0,1,0
3126,1,26,0,0,1,0,0
3127,0,22,1,0,1,1,0
3128,1,22,0,0,1,2,1
3129,0,66,1,0,1,1,0
3130,1,23,1,0,1,1,1
3131,1,47,0,5,1,1,1
3132,0,65,1,1,0,1,1
3133,1,35,0,5,1,1,0
3134,1,28,0,0,0,0,1
3135,1,30,0,0,0,0,0
3136,1,32,1,3,0,1,1
3137,0,35,0,5,1,1,0
3138,1,59,0,4,1,1,0
3139,1,32,0,4,0,0,0
3140,1,25,1,10,0,1,0
3141,1,22,0,5,1,1,1
3142,1,30,0,2,1,1,0
3143,1,42,1,1,1,1,0
3144,1,32,0,1,1,1,1
3145,1,52,0,7,1,1,0
3146,1,36,0,8,0,1,0
3147,1,21,0,1,1,2,0
3148,1,24,1,1,0,2,0
3149,0,55,1,0,1,1,0
3150,0,23,0,1,1,1,0
3151,1,30,0,11,0,0,1
3152,1,30,1,5,0,1,1
3153,1,35,0,3,0,1,0
3154,1,52,0,13,0,2,0
3155,1,27,0,2,0,1,0
3156,1,28,0,6,0,0,1
3157,1,28,0,0,0,2,0
3158,1,32,1,1,0,1,0
3159,1,50,1,5,0,2,0
3160,0,56,1,3,1,1,0
3161,1,22,1,2,1,2,0
3162,1,30,1,2,1,1,0
3163,1,28,0,0,1,2,0
3164,1,45,0,0,0,1,0
3165,1,29,0,0,1,1,1
3166,0,54,0,0,1,2,0
3167,1,41,1,0,1,1,1
3168,1,29,1,1,1,1,1
3169,1,21,0,1,0,0,1
3170,1,34,0,0,0,2,0
3171,0,27,1,2,0,1,1
3172,1,26,1,0,0,1,0
3173,1,41,0,16,0,0,1
3174,1,56,1,0,1,1,0
3175,1,28,1,3,0,1,0
3176,0,49,1,0,0,1,0
3177,1,20,0,1,0,2,0
3178,1,63,0,0,1,1,0
3179,1,42,0,1,0,1,0
3180,1,46,0,1,1,2,1
3181,1,54,0,3,0,1,0
3182,1,30,1,8,0,2,1
3183,1,42,0,1,1,1,0
3184,0,38,0,0,1,2,0
3185,1,29,0,1,1,1,0
3186,0,27,0,2,1,2,0
3187,1,25,0,1,1,1,0
3188,1,28,0,1,1,1,0
3189,0,28,0,2,0,2,0
3190,1,27,0,7,1,0,1
3191,1,41,0,5,0,2,0
3192,1,21,1,0,1,0,1
3193,1,59,0,1,0,1,1
3194,1,46,1,0,0,1,0
3195,1,35,0,3,1,1,0
3196,1,41,1,2,0,1,1
3197,1,20,0,4,0,2,1
3198,1,43,1,8,0,2,1
3199,1,20,1,13,0,0,1
3200,1,34,0,10,0,1,1
3201,1,34,0,1,0,2,0
3202,1,29,0,0,0,1,1
3203,1,36,0,9,1,0,1
3204,1,31,0,2,0,2,0
3205,1,28,0,1,0,1,0
3206,1,23,0,9,0,0,1
3207,1,20,0,7,0,1,1
3208,1,40,0,3,0,0,0
3209,1,41,1,1,0,1,0
3210,0,27,0,0,1,1,0
3211,1,68,1,0,1,1,1
3212,1,23,0,2,0,2,0
3213,1,36,0,2,0,2,0
3214,1,50,1,1,0,2,1
3215,1,21,0,0,0,1,0
3216,1,21,0,2,0,2,1
3217,0,28,0,0,0,1,0
3218,1,30,0,1,0,1,1
3219,1,23,0,1,0,1,1
3220,1,29,0,2,1,1,0
3221,1,26,1,18,1,0,1
3222,1,30,0,19,0,0,1
3223,1,35,0,9,1,1,1
3224,1,36,1,5,0,1,1
3225,1,29,0,2,1,1,0
3226,1,25,0,17,0,0,1
3227,1,35,0,5,0,2,1
3228,1,30,0,0,1,2,1
3229,1,56,0,8,0,0,0
3230,1,44,0,1,1,1,0
3231,1,24,1,2,1,1,1
3232,1,23,0,3,0,0,0
3233,1,26,1,2,1,1,1
3234,1,23,0,6,0,2,1
3235,0,56,0,0,1,1,0
3236,1,49,1,0,1,1,0
3237,1,37,1,0,0,2,0
3238,1,28,0,10,1,2,1
3239,1,30,1,2,1,0,1
3240,1,28,0,1,0,2,0
3241,0,33,1,0,1,2,0
3242,1,49,1,11,0,0,0
3243,1,58,1,1,0,1,0
3244,1,38,0,1,0,1,1
3245,1,29,1,3,0,1,0
3246,1,42,0,0,0,1,1
3247,1,28,1,11,0,1,1
3248,0,34,0,0,1,1,0
3249,1,41,0,5,0,1,0
3250,1,23,0,3,0,0,1
3251,1,32,0,1,0,1,0
3252,1,44,1,0,1,1,0
3253,1,30,1,7,0,0,1
3254,1,43,0,11,0,2,1
3255,1,48,1,11,0,0,1
3256,1,25,0,1,0,1,0
3257,1,25,1,0,0,1,1
3258,1,30,0,3,1,2,1
3259,0,21,1,7,0,2,1
3260,1,36,1,1,0,1,1
3261,1,26,1,10,0,2,1
3262,1,26,1,2,0,1,0
3263,1,46,1,0,1,1,1
3264,1,36,1,2,0,2,1
3265,1,33,0,15,0,0,1
3266,1,21,0,6,0,1,1
3267,1,28,0,2,0,1,0
3268,0,51,1,0,0,1,0
3269,1,32,0,6,0,1,1
3270,1,25,0,2,1,0,1
3271,1,28,1,9,1,0,1
3272,1,32,0,2,0,0,0
3273,0,37,1,0,1,2,0
3274,1,27,0,1,0,2,1
3275,1,37,0,0,1,0,0
3276,0,39,0,0,1,2,0
3277,1,48,1,2,0,1,1
3278,1,34,0,2,1,1,1
3279,1,27,1,1,1,1,0
3280,1,50,0,1,0,1,0
3281,1,40,0,5,0,0,1
3282,0,41,1,0,1,1,0
3283,1,34,0,1,0,1,0
3284,1,61,1,2,1,2,0
3285,1,37,1,1,0,1,0
3286,1,28,0,24,1,0,1
3287,1,21,0,1,0,2,1
3288,0,44,1,1,0,2,1
3289,0,23,1,0,0,2,1
3290,1,32,1,18,1,1,1
3291,1,25,0,6,0,0,0
3292,1,46,0,0,1,1,1
3293,0,65,1,3,0,2,0
3294,0,27,0,0,0,1,0
3295,0,22,0,0,0,2,0
3296,1,41,0,5,0,1,1
3297,1,38,1,9,1,1,0
3298,1,26,1,1,1,1,0
3299,1,21,1,0,0,2,0
3300,1,51,1,4,0,1,0
3301,1,43,1,5,1,1,0
3302,1,26,1,7,0,1,0
3303,0,32,1,0,1,0,0
3304,1,45,1,8,1,1,1
3305,1,30,1,5,0,0,1
3306,1,55,1,1,0,1,1
3307,1,21,0,8,0,0,1
3308,1,49,1,9,1,1,0
3309,0,30,0,0,1,1,0
3310,1,34,0,3,0,1,0
3311,1,29,0,2,1,1,0
3312,1,41,0,0,0,0,0
3313,0,26,0,2,1,1,1
3314,1,28,0,1,0,0,1
3315,0,24,0,2,0,0,1
3316,1,24,0,5,0,2,0
3317,1,48,0,0,0,2,0
3318,1,58,0,2,0,2,0
3319,1,42,0,3,0,2,1
3320,1,70,1,1,0,1,1
3321,1,37,1,0,1,1,0
3322,0,31,1,11,1,1,0
3323,1,26,0,3,0,1,1
3324,1,50,0,7,0,0,0
3325,0,23,1,1,1,2,0
3326,1,21,1,0,1,1,1
3327,1,56,0,4,0,1,0
3328,0,55,1,1,1,2,0
3329,0,30,1,0,1,2,1
3330,1,33,0,1,0,1,1
3331,1,27,0,3,1,1,0
3332,1,31,1,0,0,1,0
3333,1,42,1,0,1,1,1
3334,1,29,1,2,0,0,1
3335,1,48,0,2,0,1,0
3336,1,26,0,1,1,2,0
3337,0,62,1,1,0,1,0
3338,1,21,0,4,0,0,0
3339,1,22,0,4,0,1,0
3340,1,37,0,0,0,1,0
3341,0,56,1,0,0,1,0
3342,1,50,1,16,0,2,1
3343,0,80,1,1,1,2,1
3344,1,30,0,17,0,0,1
3345,1,52,1,0,1,1,0
3346,1,39,1,3,1,1,1
3347,1,23,0,12,1,2,0
3348,0,37,1,3,0,1,0
3349,1,28,0,3,1,1,0
3350,1,29,0,6,0,2,1
3351,1,28,1,7,0,2,1
3352,0,24,1,0,1,1,1
3353,1,46,1,0,0,1,1
3354,0,35,1,1,0,1,0
3355,1,48,1,1,0,1,0
3356,0,56,0,2,0,1,0
3357,1,40,0,0,1,2,1
3358,1,43,0,7,0,0,1
3359,0,30,0,2,0,1,1
3360,1,27,1,4,1,1,0
3361,0,25,1,11,1,2,0
3362,1,44,1,2,0,1,0
3363,1,57,0,1,0,2,1
3364,1,30,1,11,0,2,1
3365,1,49,1,3,1,1,0
3366,0,51,0,3,0,1,1
3367,1,45,0,5,0,1,0
3368,0,21,0,3,0,2,0
3369,1,29,0,1,0,2,0
3370,0,40,1,0,1,2,1
3371,1,38,0,1,0,1,0
3372,1,26,0,11,0,1,0
3373,1,33,0,21,1,2,1
3374,1,23,0,1,0,1,0
3375,0,24,1,4,0,1,1
3376,1,24,0,4,0,1,0
3377,1,29,1,3,0,1,1
3378,1,26,1,0,1,1,0
3379,1,29,0,4,0,2,1
3380,1,32,0,0,0,0,1
3381,1,35,1,1,0,1,0
3382,1,20,1,0,0,1,0
3383,0,30,0,3,1,2,0
3384,1,25,0,18,0,0,1
3385,1,36,1,5,0,1,0
3386,1,41,1,0,1,1,0
3387,1,21,0,2,0,1,0
3388,0,27,1,2,1,2,0
3389,1,38,0,1,0,2,1
3390,1,33,1,10,0,0,1
3391,1,52,0,3,0,1,1
3392,1,24,0,1,1,1,0
3393,1,22,1,3,0,2,1
3394,1,45,1,0,0,1,0
3395,0,49,0,3,1,1,1
3396,1,23,1,0,0,1,0
3397,1,41,0,0,0,1,0
3398,1,19,0,0,1,0,1
3399,1,21,1,3,0,2,1
3400,1,29,0,0,0,1,0
3401,1,27,1,9,1,0,0
3402,1,29,1,10,1,2,0
3403,1,56,1,5,1,2,0
3404,1,25,0,0,1,2,0
3405,1,29,1,4,0,2,0
3406,1,20,0,2,1,2,1
3407,1,30,1,0,1,1,0
3408,1,43,1,2,0,2,1
3409,1,24,1,4,0,1,1
3410,1,25,0,12,0,1,0
3411,1,24,1,1,0,0,1
3412,1,24,1,0,0,1,0
3413,1,29,1,5,1,0,1
3414,1,26,1,1,0,1,0
3415,1,38,0,0,1,1,1
3416,1,67,1,3,0,1,1
3417,1,27,0,9,0,0,1
3418,1,31,0,7,0,0,1
3419,1,34,0,2,0,0,1
3420,1,27,1,2,0,1,0
3421,0,55,1,0,1,2,1
3422,0,26,1,5,0,1,0
3423,1,26,1,0,0,1,1
3424,0,55,1,0,0,2,0
3425,1,25,0,4,1,2,0
3426,1,24,0,1,0,2,1
3427,1,21,1,1,0,2,0
3428,1,28,1,1,1,1,0
3429,1,50,1,7,1,1,1
3430,0,21,0,1,1,1,0
3431,0,54,1,1,0,1,0
3432,0,26,0,1,1,2,0
3433,0,43,1,0,1,1,0
3434,1,41,1,1,1,1,0
3435,1,53,1,1,0,1,0
3436,0,23,0,5,1,0,0
3437,0,22,1,0,1,2,0
3438,0,26,1,0,1,1,1
3439,0,25,1,5,0,1,1
3440,1,28,0,1,0,1,1
3441,1,37,0,1,0,1,0
3442,0,23,0,4,0,2,0
3443,1,26,0,5,0,1,0
3444,1,46,1,1,1,1,0
3445,1,34,1,3,0,1,1
3446,1,32,0,0,0,1,0
3447,1,30,1,2,1,1,0
3448,0,26,0,1,0,1,0
3449,1,26,0,2,0,2,1
3450,1,20,0,4,0,1,1
3451,1,26,0,0,0,2,0
3452,1,30,0,6,1,1,1
3453,1,28,0,5,0,2,1
3454,1,20,0,10,0,2,1
3455,1,30,0,1,0,2,0
3456,0,25,0,0,1,0,0
3457,0,33,1,0,1,1,0
3458,1,42,0,4,1,1,1
3459,0,30,0,6,0,0,1
3460,1,30,1,0,0,1,0
3461,1,57,0,5,0,0,1
3462,0,21,0,1,0,0,0
3463,0,25,0,0,0,2,0
3464,1,24,0,1,1,0,0
3465,1,20,0,4,0,2,1
3466,1,41,0,6,0,2,1
3467,0,40,1,0,1,1,0
3468,0,52,1,3,1,1,0
3469,1,34,0,4,1,2,1
3470,1,43,0,0,1,1,0
3471,1,43,0,3,0,1,1
3472,1,26,1,3,1,2,0
3473,1,21,1,0,1,1,0
3474,1,28,0,1,0,1,0
3475,1,60,1,3,0,1,0
3476,1,26,0,6,0,0,0
3477,1,31,0,0,0,2,0
3478,1,24,0,2,0,0,1
3479,1,23,0,16,0,0,1
3480,0,57,1,3,0,1,0
3481,0,26,1,8,0,2,0
3482,1,26,0,3,0,2,1
3483,1,43,1,1,1,1,0
3484,0,20,0,0,0,0,1
3485,1,36,1,2,0,2,1
3486,0,28,0,0,1,0,0
3487,0,37,1,0,0,1,1
3488,0,31,0,29,0,0,1
3489,1,34,0,5,0,2,1
3490,1,33,1,1,0,1,0
3491,1,29,1,0,1,1,0
3492,1,28,0,0,0,1,0
3493,1,25,0,0,1,1,0
3494,1,20,0,3,0,1,1
3495,1,45,0,2,0,2,0
3496,0,39,0,0,1,1,1
3497,0,32,0,7,0,0,1
3498,1,34,0,0,0,1,0
3499,0,44,0,1,0,2,0
3500,1,37,0,4,0,0,1
3501,1,33,0,9,0,2,1
3502,1,42,0,13,0,2,1
3503,1,29,0,0,0,0,1
3504,1,54,0,0,0,1,0
3505,1,40,1,1,1,2,0
3506,1,61,1,1,0,1,0
3507,1,21,0,14,0,0,1
3508,1,32,0,5,1,1,0
3509,1,43,0,0,0,1,0
3510,1,27,0,0,1,1,0
3511,1,29,0,9,0,0,1
3512,1,33,0,1,0,1,0
3513,1,32,0,7,0,1,1
3514,1,26,1,1,1,2,0
3515,1,29,1,0,1,1,0
3516,0,34,1,1,0,0,0
3517,1,32,1,2,1,1,0
3518,1,32,0,12,0,2,0
3519,1,28,0,16,0,2,0
3520,0,25,1,2,1,2,1
3521,1,27,0,6,0,1,1
3522,1,32,0,8,0,0,1
3523,1,25,1,2,1,1,0
3524,1,57,0,0,1,1,0
3525,0,28,0,1,1,2,0
3526,1,34,1,1,0,1,0
3527,1,52,1,0,0,1,1
3528,1,24,0,1,0,1,1
3529,1,21,0,1,0,2,0
3530,0,46,0,0,1,1,1
3531,0,22,1,9,1,2,1
3532,1,35,0,5,0,2,1
3533,1,25,0,3,0,0,1
3534,0,42,0,0,1,1,0
3535,1,20,0,0,0,0,1
3536,1,53,0,7,0,0,1
3537,1,26,0,0,0,2,1
3538,1,53,0,1,0,1,0
3539,1,41,1,1,1,2,1
3540,1,21,0,4,0,2,0
3541,0,45,1,0,1,2,0
3542,1,25,1,5,0,1,1
3543,1,45,1,1,0,1,0
3544,0,26,0,0,1,2,1
3545,1,24,0,0,1,1,0
3546,1,29,0,0,0,1,0
3547,0,35,1,0,0,2,0
3548,0,43,1,2,0,2,1
3549,1,21,0,1,0,2,0
3550,0,36,0,0,0,1,0
3551,1,25,0,4,1,2,0
3552,1,22,0,6,0,2,0
3553,0,21,0,1,0,2,0
3554,1,37,0,2,0,1,1
3555,0,41,1,1,1,0,0
3556,1,41,1,2,0,1,0
3557,1,37,0,2,0,0,1
3558,1,33,0,2,0,2,1
3559,1,23,0,1,1,0,1
3560,1,29,0,7,0,0,0
3561,0,24,1,4,0,0,1
3562,0,20,1,7,0,0,1
3563,1,21,1,0,1,2,0
3564,1,53,0,0,1,1,0
3565,1,31,1,0,0,1,0
3566,0,41,1,0,1,1,0
3567,1,32,0,4,0,0,1
3568,1,28,1,1,0,0,1
3569,1,49,1,1,0,1,0
3570,1,58,1,2,1,1,0
3571,1,35,0,5,0,1,1
3572,1,26,1,0,1,1,1
3573,1,21,0,1,1,1,1
3574,1,29,0,0,0,1,1
3575,1,36,1,11,1,0,0
3576,0,78,1,0,0,2,1
3577,0,58,0,4,0,2,1
3578,1,60,0,0,0,1,0
3579,1,43,0,1,0,1,0
3580,0,34,1,5,0,2,1
3581,1,49,0,17,1,0,0
3582,1,39,1,2,0,1,1
3583,1,33,0,17,0,0,1
3584,1,69,1,5,0,0,0
3585,1,23,0,1,0,1,1
3586,1,31,0,3,0,1,1
3587,1,26,0,3,0,2,0
3588,1,37,1,3,0,2,1
3589,1,25,0,2,1,2,0
3590,0,35,0,1,1,2,0
3591,1,69,1,4,1,1,0
3592,0,53,1,13,1,2,0
3593,1,38,0,0,1,1,0
3594,1,23,0,14,0,0,1
3595,1,21,1,2,0,0,1
3596,1,22,0,2,1,2,1
3597,0,24,0,3,0,2,0
3598,1,28,0,8,1,1,1
3599,1,22,0,3,0,1,1
3600,0,54,1,3,0,1,1
3601,1,51,1,0,0,1,0
3602,1,33,0,0,0,1,0
3603,1,26,0,2,0,2,1
3604,1,37,0,6,0,2,0
3605,1,50,1,1,0,1,1
3606,1,33,0,4,0,2,0
3607,1,43,1,9,1,1,1
3608,1,36,0,3,1,2,0
3609,0,31,0,2,0,1,1
3610,1,41,0,7,0,1,0
3611,1,46,1,1,1,1,1
3612,1,57,0,0,1,1,0
3613,1,53,0,13,0,1,1
3614,0,23,0,0,0,1,0
3615,1,56,0,1,0,2,0
3616,0,52,0,0,0,1,0
3617,0,23,0,4,1,2,0
3618,1,32,0,1,0,1,0
3619,0,27,0,7,0,0,1
3620,1,69,1,0,1,0,1
3621,1,62,1,4,0,1,1
3622,1,24,1,8,0,1,0
3623,1,31,0,3,1,1,1
3624,1,23,0,7,0,2,0
3625,0,27,0,6,0,2,1
3626,1,27,0,14,0,2,0
3627,1,44,0,8,0,1,0
3628,1,32,0,0,0,1,0
3629,1,25,0,5,0,2,0
3630,1,55,1,2,1,1,1
3631,1,28,1,6,1,0,0
3632,1,33,1,0,0,1,0
3633,1,36,0,0,0,1,1
3634,1,27,1,1,0,1,0
3635,1,24,1,2,0,2,1
3636,1,24,1,19,1,0,1
3637,1,28,1,1,1,2,1
3638,1,65,1,3,0,1,0
3639,0,75,1,0,1,1,1
3640,0,29,0,1,1,1,0
3641,1,60,1,1,0,1,0
3642,1,53,1,1,0,1,0
3643,1,26,0,1,1,2,0
3644,1,30,1,1,0,1,1
3645,0,34,0,25,1,0,1
3646,1,23,1,2,0,2,0
3647,0,31,0,0,0,1,0
3648,1,29,0,5,1,0,1
3649,1,33,1,3,1,1,0
3650,1,22,1,0,1,1,1
3651,0,39,1,1,0,2,0
3652,1,34,0,0,0,1,1
3653,1,27,0,0,0,2,0
3654,1,30,0,12,0,0,1
3655,1,50,0,0,0,2,0
3656,0,22,1,1,0,2,1
3657,1,21,0,6,0,2,1
3658,1,47,0,0,0,1,0
3659,1,50,0,0,0,1,0
3660,1,29,0,5,0,2,1
3661,1,29,0,5,0,2,1
3662,1,34,0,2,1,2,0
3663,1,27,1,1,1,1,1
3664,1,59,1,2,0,1,0
3665,1,24,1,2,0,1,1
3666,1,30,0,0,0,0,1
3667,1,23,0,1,1,1,0
3668,1,25,0,10,0,0,1
3669,1,23,1,0,1,1,1
3670,0,58,1,0,0,1,0
3671,1,55,1,2,0,1,0
3672,1,21,0,0,1,1,0
3673,1,30,1,0,1,1,1
3674,0,31,0,0,0,1,0
3675,0,49,0,4,0,1,0
3676,1,54,1,0,1,1,0
3677,1,30,0,0,0,1,0
3678,1,46,0,3,1,2,0
3679,1,54,0,2,0,1,0
3680,0,60,1,5,0,1,0
3681,1,38,0,1,0,1,0
3682,1,28,1,1,1,1,1
3683,1,33,0,7,0,2,0
3684,1,46,0,6,0,2,1
3685,1,27,0,0,0,1,0
3686,1,25,1,11,0,2,1
3687,1,30,1,1,0,1,0
3688,1,23,0,10,0,2,0
3689,1,33,0,1,1,0,0
