Seed,Epsilon,Fair-Method,DP-Method,DI,ACC,ACC_PRIV,ACC_UNPRIV,PREC,REC,MAD,EOD,TPR,FPR,TNR,FNR,SPD,EODD
460403,,,,0.1419693462849228,0.788,0.7481872116018458,0.8287255563047876,0.7684413085311097,0.813306177868296,0.08053834470294186,-0.5278494864265988,0.813306177868296,0.2364112639161755,0.7635887360838245,0.18669382213170402,-0.7743203460355574,0.7696400317395456
460403,,reweigh,aim,0.1419693462849228,0.788,0.7481872116018458,0.8287255563047876,0.7684413085311097,0.813306177868296,0.08053834470294186,-0.5278494864265988,0.813306177868296,0.2364112639161755,0.7635887360838245,0.18669382213170402,-0.7743203460355574,0.7696400317395456
460403,,reweigh,aim,0.5284670415989837,0.712,0.6700725115359262,0.7548887390424814,0.7118997912317327,0.6945010183299389,0.08481622750655526,0.005399070000982387,0.6945010183299389,0.27111984282907664,0.7288801571709234,0.3054989816700611,-0.2945138286651041,0.17458650689194777
460403,,dir,aim,0.1419693462849228,0.788,0.7481872116018458,0.8287255563047876,0.7684413085311097,0.813306177868296,0.08053834470294186,-0.5278494864265988,0.813306177868296,0.2364112639161755,0.7635887360838245,0.18669382213170402,-0.7743203460355574,0.7696400317395456
460403,,dir,aim,0.1419693462849228,0.788,0.7481872116018458,0.8287255563047876,0.7684413085311097,0.813306177868296,0.08053834470294186,-0.5278494864265988,0.813306177868296,0.2364112639161755,0.7635887360838245,0.18669382213170402,-0.7743203460355574,0.7696400317395456
460403,,lfr,aim,inf,inf,inf,inf,inf,inf,inf,inf,inf,inf,inf,inf,inf,inf
460403,,lfr,aim,inf,inf,inf,inf,inf,inf,inf,inf,inf,inf,inf,inf,inf,inf
460403,,egr,aim,0.1419693462849228,0.788,0.7481872116018458,0.8287255563047876,0.7684413085311097,0.813306177868296,0.08053834470294186,-0.5278494864265988,0.813306177868296,0.2364112639161755,0.7635887360838245,0.18669382213170402,-0.7743203460355574,0.7696400317395456
460403,,egr,aim,0.6693555991652093,0.6695,0.6700725115359262,0.6689143627781524,0.6535885167464115,0.6955193482688391,-0.0011581487577737581,0.010130931199720528,0.6955193482688391,0.3555992141453831,0.6444007858546169,0.3044806517311609,-0.2065165259004379,0.06395185852145036
460403,,gsr,aim,0.1419693462849228,0.788,0.7481872116018458,0.8287255563047876,0.7684413085311097,0.813306177868296,0.08053834470294186,-0.5278494864265988,0.813306177868296,0.2364112639161755,0.7635887360838245,0.18669382213170402,-0.7743203460355574,0.7696400317395456
460403,,gsr,aim,0.1419693462849228,0.788,0.7481872116018458,0.8287255563047876,0.7684413085311097,0.813306177868296,0.08053834470294186,-0.5278494864265988,0.813306177868296,0.2364112639161755,0.7635887360838245,0.18669382213170402,-0.7743203460355574,0.7696400317395456
460403,,roc,aim,0.1419693462849228,0.788,0.7481872116018458,0.8287255563047876,0.7684413085311097,0.813306177868296,0.08053834470294186,-0.5278494864265988,0.813306177868296,0.2364112639161755,0.7635887360838245,0.18669382213170402,-0.7743203460355574,0.7696400317395456
460403,,roc,aim,0.9751168878579105,0.6383333333333333,0.524390243902439,0.7548887390424814,0.693419740777667,0.47216564833672775,0.2304984951400424,0.28870356827087856,0.47216564833672775,0.2013752455795678,0.7986247544204322,0.5278343516632722,-0.008422859647305825,0.28870356827087856
460403,,eqodds,aim,0.1419693462849228,0.788,0.7481872116018458,0.8287255563047876,0.7684413085311097,0.813306177868296,0.08053834470294186,-0.5278494864265988,0.813306177868296,0.2364112639161755,0.7635887360838245,0.18669382213170402,-0.7743203460355574,0.7696400317395456
460403,,eqodds,aim,0.9477235366649267,0.5338333333333334,0.6888595912986157,0.37525286581254214,0.515707358212102,0.8302783435166328,-0.3136067254860736,0.009252234944822302,0.8302783435166328,0.752128356254093,0.247871643745907,0.1697216564833673,-0.04242078204711619,0.009252234944822302
460403,,ceop,aim,0.1419693462849228,0.788,0.7481872116018458,0.8287255563047876,0.7684413085311097,0.813306177868296,0.08053834470294186,-0.5278494864265988,0.813306177868296,0.2364112639161755,0.7635887360838245,0.18669382213170402,-0.7743203460355574,0.7696400317395456
460403,,ceop,aim,0.12811867835468643,0.795,0.7620303230059328,0.8287255563047876,0.7513181019332161,0.8706720977596741,0.06669523329885485,-0.6009463722397477,0.8706720977596741,0.2779960707269155,0.7220039292730844,0.12932790224032586,-0.8718813216453136,0.9455403087478559
460403,0.05,,,0.23432231962238706,0.7838333333333334,0.7620303230059328,0.806136210384356,0.7211048538482167,0.9127630685675492,0.04410588737842325,-0.4053627760252366,0.9127630685675492,0.34053700065487885,0.6594629993451212,0.08723693143245079,-0.765677680377613,0.8636363636363636
460403,0.05,reweigh,aim,0.23432231962238706,0.7838333333333334,0.7620303230059328,0.806136210384356,0.7211048538482167,0.9127630685675492,0.04410588737842325,-0.4053627760252366,0.9127630685675492,0.34053700065487885,0.6594629993451212,0.08723693143245079,-0.765677680377613,0.8636363636363636
460403,0.05,reweigh,aim,0.9620215395592995,0.6296666666666667,0.45715227422544497,0.806136210384356,0.7524407252440726,0.3662593346911066,0.34898393615891105,0.2910040059816838,0.3662593346911066,0.11624099541584806,0.8837590045841519,0.6337406653088934,-0.009250521511429688,0.2910040059816838
460403,0.05,dir,aim,0.23432231962238706,0.7838333333333334,0.7620303230059328,0.806136210384356,0.7211048538482167,0.9127630685675492,0.04410588737842325,-0.4053627760252366,0.9127630685675492,0.34053700065487885,0.6594629993451212,0.08723693143245079,-0.765677680377613,0.8636363636363636
460403,0.05,dir,aim,0.23432231962238706,0.7838333333333334,0.7620303230059328,0.806136210384356,0.7211048538482167,0.9127630685675492,0.04410588737842325,-0.4053627760252366,0.9127630685675492,0.34053700065487885,0.6594629993451212,0.08723693143245079,-0.765677680377613,0.8636363636363636
460403,0.05,lfr,aim,inf,inf,inf,inf,inf,inf,inf,inf,inf,inf,inf,inf,inf,inf
460403,0.05,lfr,aim,inf,inf,inf,inf,inf,inf,inf,inf,inf,inf,inf,inf,inf,inf
460403,0.05,egr,aim,0.23432231962238706,0.7838333333333334,0.7620303230059328,0.806136210384356,0.7211048538482167,0.9127630685675492,0.04410588737842325,-0.4053627760252366,0.9127630685675492,0.34053700065487885,0.6594629993451212,0.08723693143245079,-0.765677680377613,0.8636363636363636
460403,0.05,egr,aim,0.8931330624803043,0.6315,0.46077785102175345,0.806136210384356,0.7464788732394366,0.37780040733197556,0.34535835936260256,0.2762981236287426,0.37780040733197556,0.1237721021611002,0.8762278978388998,0.6221995926680245,-0.028037601274119223,0.2762981236287426
460403,0.05,gsr,aim,0.23432231962238706,0.7838333333333334,0.7620303230059328,0.806136210384356,0.7211048538482167,0.9127630685675492,0.04410588737842325,-0.4053627760252366,0.9127630685675492,0.34053700065487885,0.6594629993451212,0.08723693143245079,-0.765677680377613,0.8636363636363636
460403,0.05,gsr,aim,0.23432231962238706,0.7838333333333334,0.7620303230059328,0.806136210384356,0.7211048538482167,0.9127630685675492,0.04410588737842325,-0.4053627760252366,0.9127630685675492,0.34053700065487885,0.6594629993451212,0.08723693143245079,-0.765677680377613,0.8636363636363636
460403,0.05,roc,aim,0.23432231962238706,0.7838333333333334,0.7620303230059328,0.806136210384356,0.7211048538482167,0.9127630685675492,0.04410588737842325,-0.4053627760252366,0.9127630685675492,0.34053700065487885,0.6594629993451212,0.08723693143245079,-0.765677680377613,0.8636363636363636
460403,0.05,roc,aim,0.9620215395592995,0.6296666666666667,0.45715227422544497,0.806136210384356,0.7524407252440726,0.3662593346911066,0.34898393615891105,0.2910040059816838,0.3662593346911066,0.11624099541584806,0.8837590045841519,0.6337406653088934,-0.009250521511429688,0.2910040059816838
460403,0.05,eqodds,aim,0.23432231962238706,0.7838333333333334,0.7620303230059328,0.806136210384356,0.7211048538482167,0.9127630685675492,0.04410588737842325,-0.4053627760252366,0.9127630685675492,0.34053700065487885,0.6594629993451212,0.08723693143245079,-0.765677680377613,0.8636363636363636
460403,0.05,eqodds,aim,inf,0.509,0.23796967699406724,0.7862440997977074,0.0,0.0,0.5482744228036401,0.0,0.0,0.0,1.0,1.0,0.0,0.0
460403,0.05,ceop,aim,0.23432231962238706,0.7838333333333334,0.7620303230059328,0.806136210384356,0.7211048538482167,0.9127630685675492,0.04410588737842325,-0.4053627760252366,0.9127630685675492,0.34053700065487885,0.6594629993451212,0.08723693143245079,-0.765677680377613,0.8636363636363636
460403,0.05,ceop,aim,0.23432231962238706,0.7838333333333334,0.7620303230059328,0.806136210384356,0.7211048538482167,0.9127630685675492,0.04410588737842325,-0.4053627760252366,0.9127630685675492,0.34053700065487885,0.6594629993451212,0.08723693143245079,-0.765677680377613,0.8636363636363636
460403,0.1,,,0.025960890087660147,0.7851666666666667,0.7620303230059328,0.8088334457181389,0.7663130826100932,0.8092328581126952,0.0468031227122061,-0.886435331230284,0.8092328581126952,0.23804846103470859,0.7619515389652914,0.19076714188730481,-0.9740391099123399,0.9978559176672385
460403,0.1,reweigh,aim,0.025960890087660147,0.7851666666666667,0.7620303230059328,0.8088334457181389,0.7663130826100932,0.8092328581126952,0.0468031227122061,-0.886435331230284,0.8092328581126952,0.23804846103470859,0.7619515389652914,0.19076714188730481,-0.9740391099123399,0.9978559176672385
460403,0.1,reweigh,aim,0.9606373359052574,0.6295,0.45715227422544497,0.8057990559676331,0.7522679692951849,0.36591989137813985,0.34864678174218816,0.28942671891543775,0.36591989137813985,0.11624099541584806,0.8837590045841519,0.6340801086218602,-0.009587675928152545,0.28942671891543775
460403,0.1,dir,aim,0.025960890087660147,0.7851666666666667,0.7620303230059328,0.8088334457181389,0.7663130826100932,0.8092328581126952,0.0468031227122061,-0.886435331230284,0.8092328581126952,0.23804846103470859,0.7619515389652914,0.19076714188730481,-0.9740391099123399,0.9978559176672385
460403,0.1,dir,aim,0.026298044504383007,0.7853333333333333,0.7620303230059328,0.8091706001348618,0.7663881748071979,0.8095723014256619,0.04714027712892899,-0.8848580441640379,0.8095723014256619,0.23804846103470859,0.7619515389652914,0.19042769857433808,-0.973701955495617,0.9978559176672385
460403,0.1,lfr,aim,inf,inf,inf,inf,inf,inf,inf,inf,inf,inf,inf,inf,inf,inf
460403,0.1,lfr,aim,inf,inf,inf,inf,inf,inf,inf,inf,inf,inf,inf,inf,inf,inf
460403,0.1,egr,aim,0.025960890087660147,0.7851666666666667,0.7620303230059328,0.8088334457181389,0.7663130826100932,0.8092328581126952,0.0468031227122061,-0.886435331230284,0.8092328581126952,0.23804846103470859,0.7619515389652914,0.19076714188730481,-0.9740391099123399,0.9978559176672385
460403,0.1,egr,aim,0.9658652941958983,0.6288333333333334,0.45583388266315095,0.8057990559676331,0.7515745276417075,0.3645621181262729,0.3499651733044822,0.2911568227216661,0.3645621181262729,0.11624099541584806,0.8837590045841519,0.6354378818737271,-0.008269284365858526,0.2911568227216661
460403,0.1,gsr,aim,0.025960890087660147,0.7851666666666667,0.7620303230059328,0.8088334457181389,0.7663130826100932,0.8092328581126952,0.0468031227122061,-0.886435331230284,0.8092328581126952,0.23804846103470859,0.7619515389652914,0.19076714188730481,-0.9740391099123399,0.9978559176672385
460403,0.1,gsr,aim,0.9606373359052574,0.6295,0.45715227422544497,0.8057990559676331,0.7522679692951849,0.36591989137813985,0.34864678174218816,0.28942671891543775,0.36591989137813985,0.11624099541584806,0.8837590045841519,0.6340801086218602,-0.009587675928152545,0.28942671891543775
460403,0.1,roc,aim,0.025960890087660147,0.7851666666666667,0.7620303230059328,0.8088334457181389,0.7663130826100932,0.8092328581126952,0.0468031227122061,-0.886435331230284,0.8092328581126952,0.23804846103470859,0.7619515389652914,0.19076714188730481,-0.9740391099123399,0.9978559176672385
460403,0.1,roc,aim,0.9606373359052574,0.6295,0.45715227422544497,0.8057990559676331,0.7522679692951849,0.36591989137813985,0.34864678174218816,0.28942671891543775,0.36591989137813985,0.11624099541584806,0.8837590045841519,0.6340801086218602,-0.009587675928152545,0.28942671891543775
460403,0.1,eqodds,aim,0.025960890087660147,0.7851666666666667,0.7620303230059328,0.8088334457181389,0.7663130826100932,0.8092328581126952,0.0468031227122061,-0.886435331230284,0.8092328581126952,0.23804846103470859,0.7619515389652914,0.19076714188730481,-0.9740391099123399,0.9978559176672385
460403,0.1,eqodds,aim,1.0229265003371544,0.5093333333333333,0.23829927488464073,0.7865812542144303,1.0,0.0006788866259334691,0.5482819793297895,0.0011447611146889634,0.0006788866259334691,0.0,1.0,0.9993211133740665,7.556526149358762e-06,0.0011447611146889634
460403,0.1,ceop,aim,0.025960890087660147,0.7851666666666667,0.7620303230059328,0.8088334457181389,0.7663130826100932,0.8092328581126952,0.0468031227122061,-0.886435331230284,0.8092328581126952,0.23804846103470859,0.7619515389652914,0.19076714188730481,-0.9740391099123399,0.9978559176672385
460403,0.1,ceop,aim,0.025960890087660147,0.7851666666666667,0.7620303230059328,0.8088334457181389,0.7663130826100932,0.8092328581126952,0.0468031227122061,-0.886435331230284,0.8092328581126952,0.23804846103470859,0.7619515389652914,0.19076714188730481,-0.9740391099123399,0.9978559176672385
460403,0.25,,,0.23196223870532703,0.7826666666666666,0.7620303230059328,0.803776129467296,0.7205803331542182,0.9103869653767821,0.04174580646136328,-0.41640378548895896,0.9103869653767821,0.34053700065487885,0.6594629993451212,0.08961303462321792,-0.7680377612946729,0.8636363636363636
460403,0.25,reweigh,aim,0.23196223870532703,0.7826666666666666,0.7620303230059328,0.803776129467296,0.7205803331542182,0.9103869653767821,0.04174580646136328,-0.41640378548895896,0.9103869653767821,0.34053700065487885,0.6594629993451212,0.08961303462321792,-0.7680377612946729,0.8636363636363636
460403,0.25,reweigh,aim,0.6906510620529561,0.6611666666666667,0.521753460777851,0.803776129467296,0.7674282366725249,0.44467073998642226,0.28202266868944503,0.1770218200473732,0.44467073998642226,0.12999345121152586,0.8700065487884742,0.5553292600135777,-0.1038980117890698,0.1770218200473732
460403,0.25,dir,aim,0.23196223870532703,0.7826666666666666,0.7620303230059328,0.803776129467296,0.7205803331542182,0.9103869653767821,0.04174580646136328,-0.41640378548895896,0.9103869653767821,0.34053700065487885,0.6594629993451212,0.08961303462321792,-0.7680377612946729,0.8636363636363636
460403,0.25,dir,aim,0.2339851652056642,0.7836666666666666,0.7620303230059328,0.8057990559676331,0.721030042918455,0.9124236252545825,0.04376873296170036,-0.4069400630914827,0.9124236252545825,0.34053700065487885,0.6594629993451212,0.08757637474541752,-0.7660148347943359,0.8636363636363636
460403,0.25,lfr,aim,inf,inf,inf,inf,inf,inf,inf,inf,inf,inf,inf,inf,inf,inf
460403,0.25,lfr,aim,inf,inf,inf,inf,inf,inf,inf,inf,inf,inf,inf,inf,inf,inf
460403,0.25,egr,aim,0.23196223870532703,0.7826666666666666,0.7620303230059328,0.803776129467296,0.7205803331542182,0.9103869653767821,0.04174580646136328,-0.41640378548895896,0.9103869653767821,0.34053700065487885,0.6594629993451212,0.08961303462321792,-0.7680377612946729,0.8636363636363636
460403,0.25,egr,aim,0.47311595682585034,0.6613333333333333,0.524390243902439,0.801416048550236,0.8042609853528628,0.41004752206381534,0.2770258046477969,6.0035147850190373e-05,0.41004752206381534,0.0962671905697446,0.9037328094302554,0.5899524779361847,-0.1783486856756268,0.017222742239728597
460403,0.25,gsr,aim,0.23196223870532703,0.7826666666666666,0.7620303230059328,0.803776129467296,0.7205803331542182,0.9103869653767821,0.04174580646136328,-0.41640378548895896,0.9103869653767821,0.34053700065487885,0.6594629993451212,0.08961303462321792,-0.7680377612946729,0.8636363636363636
460403,0.25,gsr,aim,0.3713843969561806,0.7361666666666666,0.6700725115359262,0.803776129467296,0.7638404955478126,0.6697216564833672,0.13370361793136987,-0.10974288583497971,0.6697216564833672,0.1997380484610347,0.8002619515389653,0.3302783435166327,-0.3926257639314561,0.2680684966003526
460403,0.25,roc,aim,0.23196223870532703,0.7826666666666666,0.7620303230059328,0.803776129467296,0.7205803331542182,0.9103869653767821,0.04174580646136328,-0.41640378548895896,0.9103869653767821,0.34053700065487885,0.6594629993451212,0.08961303462321792,-0.7680377612946729,0.8636363636363636
460403,0.25,roc,aim,0.9681446527046874,0.6371666666666667,0.524390243902439,0.7525286581254215,0.6923461730865432,0.4697895451459606,0.22813841422298242,0.27766255880715623,0.4697895451459606,0.2013752455795678,0.7986247544204322,0.5302104548540394,-0.01078294056436585,0.27766255880715623
460403,0.25,eqodds,aim,0.23196223870532703,0.7826666666666666,0.7620303230059328,0.803776129467296,0.7205803331542182,0.9103869653767821,0.04174580646136328,-0.41640378548895896,0.9103869653767821,0.34053700065487885,0.6594629993451212,0.08961303462321792,-0.7680377612946729,0.8636363636363636
460403,0.25,eqodds,aim,inf,0.509,0.23796967699406724,0.7862440997977074,0.0,0.0,0.5482744228036401,0.0,0.0,0.0,1.0,1.0,0.0,0.0
460403,0.25,ceop,aim,0.23196223870532703,0.7826666666666666,0.7620303230059328,0.803776129467296,0.7205803331542182,0.9103869653767821,0.04174580646136328,-0.41640378548895896,0.9103869653767821,0.34053700065487885,0.6594629993451212,0.08961303462321792,-0.7680377612946729,0.8636363636363636
460403,0.25,ceop,aim,0.23196223870532703,0.7826666666666666,0.7620303230059328,0.803776129467296,0.7205803331542182,0.9103869653767821,0.04174580646136328,-0.41640378548895896,0.9103869653767821,0.34053700065487885,0.6594629993451212,0.08961303462321792,-0.7680377612946729,0.8636363636363636
460403,0.5,,,0.11631827376938637,0.7905,0.7620303230059328,0.8196223870532704,0.7499260136134951,0.8601493550577054,0.05759206404733763,-0.6498422712933754,0.8601493550577054,0.27668631303208907,0.723313686967911,0.13985064494229463,-0.8836817262306136,0.9472555746140652
460403,0.5,reweigh,aim,0.11631827376938637,0.7905,0.7620303230059328,0.8196223870532704,0.7499260136134951,0.8601493550577054,0.05759206404733763,-0.6498422712933754,0.8601493550577054,0.27668631303208907,0.723313686967911,0.13985064494229463,-0.8836817262306136,0.9472555746140652
460403,0.5,reweigh,aim,0.3751630172740487,0.7373333333333333,0.6700725115359262,0.806136210384356,0.7644787644787645,0.6720977596741344,0.13606369884842984,-0.09870187637125738,0.6720977596741344,0.1997380484610347,0.8002619515389653,0.32790224032586557,-0.3902656830143961,0.2680684966003526
460403,0.5,dir,aim,0.11631827376938637,0.7905,0.7620303230059328,0.8196223870532704,0.7499260136134951,0.8601493550577054,0.05759206404733763,-0.6498422712933754,0.8601493550577054,0.27668631303208907,0.723313686967911,0.13985064494229463,-0.8836817262306136,0.9472555746140652
460403,0.5,dir,aim,0.1153068105192178,0.79,0.7620303230059328,0.8186109238031019,0.7497037914691943,0.8591310251188051,0.05658060079716909,-0.6545741324921135,0.8591310251188051,0.27668631303208907,0.723313686967911,0.14086897488119485,-0.8846931894807822,0.9472555746140652
460403,0.5,lfr,aim,inf,inf,inf,inf,inf,inf,inf,inf,inf,inf,inf,inf,inf,inf
460403,0.5,lfr,aim,inf,inf,inf,inf,inf,inf,inf,inf,inf,inf,inf,inf,inf,inf
460403,0.5,egr,aim,0.11631827376938637,0.7905,0.7620303230059328,0.8196223870532704,0.7499260136134951,0.8601493550577054,0.05759206404733763,-0.6498422712933754,0.8601493550577054,0.27668631303208907,0.723313686967911,0.13985064494229463,-0.8836817262306136,0.9472555746140652
460403,0.5,egr,aim,0.6475669161798232,0.6675,0.6542518127883982,0.6810519217801754,0.6631217838765009,0.6561439239646979,0.026800108991777205,-0.014059140078373167,0.6561439239646979,0.32154551407989523,0.6784544859201048,0.3438560760353021,-0.20734774377686738,0.05231917249112672
460403,0.5,gsr,aim,0.11631827376938637,0.7905,0.7620303230059328,0.8196223870532704,0.7499260136134951,0.8601493550577054,0.05759206404733763,-0.6498422712933754,0.8601493550577054,0.27668631303208907,0.723313686967911,0.13985064494229463,-0.8836817262306136,0.9472555746140652
460403,0.5,gsr,aim,0.11631827376938637,0.7905,0.7620303230059328,0.8196223870532704,0.7499260136134951,0.8601493550577054,0.05759206404733763,-0.6498422712933754,0.8601493550577054,0.27668631303208907,0.723313686967911,0.13985064494229463,-0.8836817262306136,0.9472555746140652
460403,0.5,roc,aim,0.11631827376938637,0.7905,0.7620303230059328,0.8196223870532704,0.7499260136134951,0.8601493550577054,0.05759206404733763,-0.6498422712933754,0.8601493550577054,0.27668631303208907,0.723313686967911,0.13985064494229463,-0.8836817262306136,0.9472555746140652
460403,0.5,roc,aim,0.9798875184247302,0.6375,0.5227422544495716,0.7548887390424814,0.6926536731634183,0.47046843177189407,0.23214648459290987,0.29086619802866404,0.47046843177189407,0.2013752455795678,0.7986247544204322,0.5295315682281059,-0.006774870194438287,0.29086619802866404
460403,0.5,eqodds,aim,0.11631827376938637,0.7905,0.7620303230059328,0.8196223870532704,0.7499260136134951,0.8601493550577054,0.05759206404733763,-0.6498422712933754,0.8601493550577054,0.27668631303208907,0.723313686967911,0.13985064494229463,-0.8836817262306136,0.9472555746140652
460403,0.5,eqodds,aim,inf,0.509,0.23796967699406724,0.7862440997977074,0.0,0.0,0.5482744228036401,0.0,0.0,0.0,1.0,1.0,0.0,0.0
460403,0.5,ceop,aim,0.11631827376938637,0.7905,0.7620303230059328,0.8196223870532704,0.7499260136134951,0.8601493550577054,0.05759206404733763,-0.6498422712933754,0.8601493550577054,0.27668631303208907,0.723313686967911,0.13985064494229463,-0.8836817262306136,0.9472555746140652
460403,0.5,ceop,aim,0.11631827376938637,0.7905,0.7620303230059328,0.8196223870532704,0.7499260136134951,0.8601493550577054,0.05759206404733763,-0.6498422712933754,0.8601493550577054,0.27668631303208907,0.723313686967911,0.13985064494229463,-0.8836817262306136,0.9472555746140652
460403,0.75,,,0.1139214245253209,0.7878333333333334,0.7593935398813447,0.8169251517194875,0.7487362473981564,0.8547182620502376,0.057531611838142815,-0.659000360210887,0.8547182620502376,0.27668631303208907,0.723313686967911,0.1452817379497624,-0.8837421784398085,0.9472555746140652
460403,0.75,reweigh,aim,0.1139214245253209,0.7878333333333334,0.7593935398813447,0.8169251517194875,0.7487362473981564,0.8547182620502376,0.057531611838142815,-0.659000360210887,0.8547182620502376,0.27668631303208907,0.723313686967911,0.1452817379497624,-0.8837421784398085,0.9472555746140652
460403,0.75,reweigh,aim,0.9747415425195063,0.6356666666666667,0.521753460777851,0.7521915037086986,0.6909547738693468,0.46673455532926,0.23043804293084758,0.2795454793533668,0.46673455532926,0.2013752455795678,0.7986247544204322,0.53326544467074,-0.008483311856500697,0.2795454793533668
460403,0.75,dir,aim,0.1139214245253209,0.7878333333333334,0.7593935398813447,0.8169251517194875,0.7487362473981564,0.8547182620502376,0.057531611838142815,-0.659000360210887,0.8547182620502376,0.27668631303208907,0.723313686967911,0.1452817379497624,-0.8837421784398085,0.9472555746140652
460403,0.75,dir,aim,0.11527360760574014,0.7885,0.7593935398813447,0.818273769386379,0.749034749034749,0.8560760353021045,0.05888022950503424,-0.6526912119459027,0.8560760353021045,0.27668631303208907,0.723313686967911,0.14392396469789545,-0.882393560772917,0.9472555746140652
460403,0.75,lfr,aim,inf,inf,inf,inf,inf,inf,inf,inf,inf,inf,inf,inf,inf,inf
460403,0.75,lfr,aim,inf,inf,inf,inf,inf,inf,inf,inf,inf,inf,inf,inf,inf,inf
460403,0.75,egr,aim,0.1139214245253209,0.7878333333333334,0.7593935398813447,0.8169251517194875,0.7487362473981564,0.8547182620502376,0.057531611838142815,-0.659000360210887,0.8547182620502376,0.27668631303208907,0.723313686967911,0.1452817379497624,-0.8837421784398085,0.9472555746140652
460403,0.75,egr,aim,0.40957214145000886,0.6571666666666667,0.521753460777851,0.7956844234659474,0.8114926419060967,0.39307535641547864,0.27393096268809636,-0.06272581402202743,0.39307535641547864,0.08808120497707925,0.9119187950229207,0.6069246435845214,-0.19830124847147032,0.06272581402202743
460403,0.75,gsr,aim,0.1139214245253209,0.7878333333333334,0.7593935398813447,0.8169251517194875,0.7487362473981564,0.8547182620502376,0.057531611838142815,-0.659000360210887,0.8547182620502376,0.27668631303208907,0.723313686967911,0.1452817379497624,-0.8837421784398085,0.9472555746140652
460403,0.75,gsr,aim,0.1139214245253209,0.7878333333333334,0.7593935398813447,0.8169251517194875,0.7487362473981564,0.8547182620502376,0.057531611838142815,-0.659000360210887,0.8547182620502376,0.27668631303208907,0.723313686967911,0.1452817379497624,-0.8837421784398085,0.9472555746140652
460403,0.75,roc,aim,0.1139214245253209,0.7878333333333334,0.7593935398813447,0.8169251517194875,0.7487362473981564,0.8547182620502376,0.057531611838142815,-0.659000360210887,0.8547182620502376,0.27668631303208907,0.723313686967911,0.1452817379497624,-0.8837421784398085,0.9472555746140652
460403,0.75,roc,aim,0.9747415425195063,0.6356666666666667,0.521753460777851,0.7521915037086986,0.6909547738693468,0.46673455532926,0.23043804293084758,0.2795454793533668,0.46673455532926,0.2013752455795678,0.7986247544204322,0.53326544467074,-0.008483311856500697,0.2795454793533668
460403,0.75,eqodds,aim,0.1139214245253209,0.7878333333333334,0.7593935398813447,0.8169251517194875,0.7487362473981564,0.8547182620502376,0.057531611838142815,-0.659000360210887,0.8547182620502376,0.27668631303208907,0.723313686967911,0.1452817379497624,-0.8837421784398085,0.9472555746140652
460403,0.75,eqodds,aim,0.2273170000749232,0.5108333333333334,0.24093605800922874,0.786918408631153,1.0,0.00373387644263408,0.5459823506219244,-0.0007381594315217272,0.00373387644263408,0.0,1.0,0.9962661235573659,-0.002292072181715785,0.0007381594315217272
460403,0.75,ceop,aim,0.1139214245253209,0.7878333333333334,0.7593935398813447,0.8169251517194875,0.7487362473981564,0.8547182620502376,0.057531611838142815,-0.659000360210887,0.8547182620502376,0.27668631303208907,0.723313686967911,0.1452817379497624,-0.8837421784398085,0.9472555746140652
460403,0.75,ceop,aim,0.1136210384356035,0.7891666666666667,0.7620303230059328,0.8169251517194875,0.7493325422723227,0.8574338085539714,0.05489482871355478,-0.6624605678233438,0.8574338085539714,0.27668631303208907,0.723313686967911,0.1425661914460285,-0.8863789615643964,0.9472555746140652
460403,1,,,0.13065951937079617,0.7851666666666667,0.7425840474620963,0.8287255563047876,0.7469448584202683,0.8506449422946368,0.08614150884269134,-0.5754273410978792,0.8506449422946368,0.2779960707269155,0.7220039292730844,0.1493550577053632,-0.8524350461014771,0.9455403087478559
460403,1,reweigh,aim,0.13065951937079617,0.7851666666666667,0.7425840474620963,0.8287255563047876,0.7469448584202683,0.8506449422946368,0.08614150884269134,-0.5754273410978792,0.8506449422946368,0.2779960707269155,0.7220039292730844,0.1493550577053632,-0.8524350461014771,0.9455403087478559
460403,1,reweigh,aim,0.9933377172695508,0.6233333333333333,0.5049439683586026,0.7444369521240728,0.679769392033543,0.44025797691785473,0.23949298376547024,0.25901755209413513,0.44025797691785473,0.20006548788474132,0.7999345121152587,0.5597420230821453,-0.0021256063556607807,0.25901755209413513
460403,1,dir,aim,0.13065951937079617,0.7851666666666667,0.7425840474620963,0.8287255563047876,0.7469448584202683,0.8506449422946368,0.08614150884269134,-0.5754273410978792,0.8506449422946368,0.2779960707269155,0.7220039292730844,0.1493550577053632,-0.8524350461014771,0.9455403087478559
460403,1,dir,aim,0.1153448279311925,0.7898333333333334,0.7617007251153592,0.8186109238031019,0.7496296296296296,0.8587915818058385,0.05691019868774261,-0.6541416065405565,0.8587915818058385,0.27668631303208907,0.723313686967911,0.14120841819416158,-0.8843635915902087,0.9472555746140652
460403,1,lfr,aim,inf,inf,inf,inf,inf,inf,inf,inf,inf,inf,inf,inf,inf,inf
460403,1,lfr,aim,inf,inf,inf,inf,inf,inf,inf,inf,inf,inf,inf,inf,inf,inf
460403,1,egr,aim,0.13065951937079617,0.7851666666666667,0.7425840474620963,0.8287255563047876,0.7469448584202683,0.8506449422946368,0.08614150884269134,-0.5754273410978792,0.8506449422946368,0.2779960707269155,0.7220039292730844,0.1493550577053632,-0.8524350461014771,0.9455403087478559
460403,1,egr,aim,0.45756939529544205,0.6538333333333334,0.5049439683586026,0.806136210384356,0.8101356174161314,0.3852681602172437,0.30119224202575345,0.0034970473622739084,0.3852681602172437,0.0870988867059594,0.9129011132940406,0.6147318397827563,-0.17306289563415034,0.029229603303193435
460403,1,gsr,aim,0.13065951937079617,0.7851666666666667,0.7425840474620963,0.8287255563047876,0.7469448584202683,0.8506449422946368,0.08614150884269134,-0.5754273410978792,0.8506449422946368,0.2779960707269155,0.7220039292730844,0.1493550577053632,-0.8524350461014771,0.9455403087478559
460403,1,gsr,aim,0.33930405158242216,0.7348333333333333,0.6506262359920897,0.8209710047201618,0.7770961145194274,0.6449422946367956,0.17034476872807214,-0.1063058736205561,0.6449422946367956,0.1784544859201048,0.8215455140798952,0.35505770536320436,-0.3998146873087254,0.29594156692625306
460403,1,roc,aim,0.13065951937079617,0.7851666666666667,0.7425840474620963,0.8287255563047876,0.7469448584202683,0.8506449422946368,0.08614150884269134,-0.5754273410978792,0.8506449422946368,0.2779960707269155,0.7220039292730844,0.1493550577053632,-0.8524350461014771,0.9455403087478559
460403,1,roc,aim,1.034550665113713,0.6285,0.5049439683586026,0.7548887390424814,0.6841294298921418,0.45213849287169044,0.24994477068387888,0.3142225994127471,0.45213849287169044,0.2013752455795678,0.7986247544204322,0.5478615071283096,0.01102341589653072,0.3142225994127471
460403,1,eqodds,aim,0.13065951937079617,0.7851666666666667,0.7425840474620963,0.8287255563047876,0.7469448584202683,0.8506449422946368,0.08614150884269134,-0.5754273410978792,0.8506449422946368,0.2779960707269155,0.7220039292730844,0.1493550577053632,-0.8524350461014771,0.9455403087478559
460403,1,eqodds,aim,0.3653308929775551,0.5208333333333334,0.2603823335530653,0.7872555630478759,0.8736842105263158,0.028173794976238967,0.5268732294948106,-0.007762271729994649,0.028173794976238967,0.003929273084479371,0.9960707269155207,0.971826205023761,-0.014642991922073547,0.007762271729994649
460403,1,ceop,aim,0.13065951937079617,0.7851666666666667,0.7425840474620963,0.8287255563047876,0.7469448584202683,0.8506449422946368,0.08614150884269134,-0.5754273410978792,0.8506449422946368,0.2779960707269155,0.7220039292730844,0.1493550577053632,-0.8524350461014771,0.9455403087478559
460403,1,ceop,aim,0.12811867835468643,0.795,0.7620303230059328,0.8287255563047876,0.7513181019332161,0.8706720977596741,0.06669523329885485,-0.6009463722397477,0.8706720977596741,0.2779960707269155,0.7220039292730844,0.12932790224032586,-0.8718813216453136,0.9455403087478559
460403,2,,,0.1419693462849228,0.788,0.7481872116018458,0.8287255563047876,0.7684413085311097,0.813306177868296,0.08053834470294186,-0.5278494864265988,0.813306177868296,0.2364112639161755,0.7635887360838245,0.18669382213170402,-0.7743203460355574,0.7696400317395456
460403,2,reweigh,aim,0.1419693462849228,0.788,0.7481872116018458,0.8287255563047876,0.7684413085311097,0.813306177868296,0.08053834470294186,-0.5278494864265988,0.813306177868296,0.2364112639161755,0.7635887360838245,0.18669382213170402,-0.7743203460355574,0.7696400317395456
460403,2,reweigh,aim,0.5369678519196108,0.707,0.6601845748187212,0.7548887390424814,0.7088607594936709,0.6843177189409368,0.09470416422376027,0.01837484854769522,0.6843177189409368,0.27111984282907664,0.7288801571709234,0.31568228105906315,-0.2846258919478991,0.17458650689194777
460403,2,dir,aim,0.1419693462849228,0.788,0.7481872116018458,0.8287255563047876,0.7684413085311097,0.813306177868296,0.08053834470294186,-0.5278494864265988,0.813306177868296,0.2364112639161755,0.7635887360838245,0.18669382213170402,-0.7743203460355574,0.7696400317395456
460403,2,dir,aim,0.1153068105192178,0.79,0.7620303230059328,0.8186109238031019,0.7497037914691943,0.8591310251188051,0.05658060079716909,-0.6545741324921135,0.8591310251188051,0.27668631303208907,0.723313686967911,0.14086897488119485,-0.8846931894807822,0.9472555746140652
460403,2,lfr,aim,inf,inf,inf,inf,inf,inf,inf,inf,inf,inf,inf,inf,inf,inf
460403,2,lfr,aim,inf,inf,inf,inf,inf,inf,inf,inf,inf,inf,inf,inf,inf,inf
460403,2,egr,aim,0.1419693462849228,0.788,0.7481872116018458,0.8287255563047876,0.7684413085311097,0.813306177868296,0.08053834470294186,-0.5278494864265988,0.813306177868296,0.2364112639161755,0.7635887360838245,0.18669382213170402,-0.7743203460355574,0.7696400317395456
460403,2,egr,aim,0.6894711699421487,0.6616666666666666,0.6582069874752802,0.6652056641942009,0.647172236503856,0.6836388323150034,0.006998676718920738,0.027279152522021954,0.6836388323150034,0.35952848722986247,0.6404715127701375,0.3163611676849966,-0.19026799442239473,0.05880606092282259
460403,2,gsr,aim,0.1419693462849228,0.788,0.7481872116018458,0.8287255563047876,0.7684413085311097,0.813306177868296,0.08053834470294186,-0.5278494864265988,0.813306177868296,0.2364112639161755,0.7635887360838245,0.18669382213170402,-0.7743203460355574,0.7696400317395456
460403,2,gsr,aim,0.336221954266314,0.7403333333333333,0.6601845748187212,0.8223196223870533,0.7800645682001615,0.6561439239646979,0.16213504756833208,-0.11253997795072745,0.6561439239646979,0.1784544859201048,0.8215455140798952,0.3438560760353021,-0.40802440846846555,0.29594156692625306
460403,2,roc,aim,0.1419693462849228,0.788,0.7481872116018458,0.8287255563047876,0.7684413085311097,0.813306177868296,0.08053834470294186,-0.5278494864265988,0.813306177868296,0.2364112639161755,0.7635887360838245,0.18669382213170402,-0.7743203460355574,0.7696400317395456
460403,2,roc,aim,1.0044584190873362,0.6333333333333333,0.514502307185234,0.7548887390424814,0.6887651821862348,0.4619823489477257,0.2403864318572474,0.3016793468175914,0.4619823489477257,0.2013752455795678,0.7986247544204322,0.5380176510522743,0.0014650770698992344,0.3016793468175914
460403,2,eqodds,aim,0.1419693462849228,0.788,0.7481872116018458,0.8287255563047876,0.7684413085311097,0.813306177868296,0.08053834470294186,-0.5278494864265988,0.813306177868296,0.2364112639161755,0.7635887360838245,0.18669382213170402,-0.7743203460355574,0.7696400317395456
460403,2,eqodds,aim,0.9477235366649267,0.5338333333333334,0.6888595912986157,0.37525286581254214,0.515707358212102,0.8302783435166328,-0.3136067254860736,0.009252234944822302,0.8302783435166328,0.752128356254093,0.247871643745907,0.1697216564833673,-0.04242078204711619,0.009252234944822302
460403,2,ceop,aim,0.1419693462849228,0.788,0.7481872116018458,0.8287255563047876,0.7684413085311097,0.813306177868296,0.08053834470294186,-0.5278494864265988,0.813306177868296,0.2364112639161755,0.7635887360838245,0.18669382213170402,-0.7743203460355574,0.7696400317395456
460403,2,ceop,aim,0.12811867835468643,0.795,0.7620303230059328,0.8287255563047876,0.7513181019332161,0.8706720977596741,0.06669523329885485,-0.6009463722397477,0.8706720977596741,0.2779960707269155,0.7220039292730844,0.12932790224032586,-0.8718813216453136,0.9455403087478559
460403,3,,,0.1288932222849957,0.7835,0.7481872116018458,0.8196223870532704,0.7671099578332793,0.8027834351663272,0.07143517545142464,-0.5767453854802267,0.8027834351663272,0.23510150622134904,0.7648984937786509,0.19721656483367278,-0.7861207506208575,0.7713552976057549
460403,3,reweigh,aim,0.1288932222849957,0.7835,0.7481872116018458,0.8196223870532704,0.7671099578332793,0.8027834351663272,0.07143517545142464,-0.5767453854802267,0.8027834351663272,0.23510150622134904,0.7648984937786509,0.19721656483367278,-0.7861207506208575,0.7713552976057549
460403,3,reweigh,aim,0.5284670415989837,0.712,0.6700725115359262,0.7548887390424814,0.7118997912317327,0.6945010183299389,0.08481622750655526,0.005399070000982387,0.6945010183299389,0.27111984282907664,0.7288801571709234,0.3054989816700611,-0.2945138286651041,0.17458650689194777
460403,3,dir,aim,0.1288932222849957,0.7835,0.7481872116018458,0.8196223870532704,0.7671099578332793,0.8027834351663272,0.07143517545142464,-0.5767453854802267,0.8027834351663272,0.23510150622134904,0.7648984937786509,0.19721656483367278,-0.7861207506208575,0.7713552976057549
460403,3,dir,aim,0.12777241165643052,0.783,0.7481872116018458,0.8186109238031019,0.7668831168831168,0.801765105227427,0.0704237122012561,-0.5814772466789648,0.801765105227427,0.23510150622134904,0.7648984937786509,0.19823489477257297,-0.7871322138710262,0.7713552976057549
460403,3,lfr,aim,inf,inf,inf,inf,inf,inf,inf,inf,inf,inf,inf,inf,inf,inf
460403,3,lfr,aim,inf,inf,inf,inf,inf,inf,inf,inf,inf,inf,inf,inf,inf,inf
460403,3,egr,aim,0.1288932222849957,0.7835,0.7481872116018458,0.8196223870532704,0.7671099578332793,0.8027834351663272,0.07143517545142464,-0.5767453854802267,0.8027834351663272,0.23510150622134904,0.7648984937786509,0.19721656483367278,-0.7861207506208575,0.7713552976057549
460403,3,egr,aim,0.6796118543137084,0.6656666666666666,0.6700725115359262,0.6611598111935266,0.6490171211160431,0.6948404616429056,-0.008912700342399549,0.006976357067228434,0.6948404616429056,0.362475442043222,0.637524557956778,0.30515953835709436,-0.2001105919827036,0.05494671272385171
460403,3,gsr,aim,0.1288932222849957,0.7835,0.7481872116018458,0.8196223870532704,0.7671099578332793,0.8027834351663272,0.07143517545142464,-0.5767453854802267,0.8027834351663272,0.23510150622134904,0.7648984937786509,0.19721656483367278,-0.7861207506208575,0.7713552976057549
460403,3,gsr,aim,0.1288932222849957,0.7835,0.7481872116018458,0.8196223870532704,0.7671099578332793,0.8027834351663272,0.07143517545142464,-0.5767453854802267,0.8027834351663272,0.23510150622134904,0.7648984937786509,0.19721656483367278,-0.7861207506208575,0.7713552976057549
460403,3,roc,aim,0.1288932222849957,0.7835,0.7481872116018458,0.8196223870532704,0.7671099578332793,0.8027834351663272,0.07143517545142464,-0.5767453854802267,0.8027834351663272,0.23510150622134904,0.7648984937786509,0.19721656483367278,-0.7861207506208575,0.7713552976057549
460403,3,roc,aim,0.9751168878579105,0.6383333333333333,0.524390243902439,0.7548887390424814,0.693419740777667,0.47216564833672775,0.2304984951400424,0.28870356827087856,0.47216564833672775,0.2013752455795678,0.7986247544204322,0.5278343516632722,-0.008422859647305825,0.28870356827087856
460403,3,eqodds,aim,0.1288932222849957,0.7835,0.7481872116018458,0.8196223870532704,0.7671099578332793,0.8027834351663272,0.07143517545142464,-0.5767453854802267,0.8027834351663272,0.23510150622134904,0.7648984937786509,0.19721656483367278,-0.7861207506208575,0.7713552976057549
460403,3,eqodds,aim,0.9470112003121328,0.5358333333333334,0.6727092946605142,0.39581928523263654,0.517526671021119,0.806856754921928,-0.27689000942787767,0.027037647495442796,0.806856754921928,0.7256057629338573,0.27439423706614274,0.19314324507807196,-0.0416540168937255,0.027037647495442796
460403,3,ceop,aim,0.1288932222849957,0.7835,0.7481872116018458,0.8196223870532704,0.7671099578332793,0.8027834351663272,0.07143517545142464,-0.5767453854802267,0.8027834351663272,0.23510150622134904,0.7648984937786509,0.19721656483367278,-0.7861207506208575,0.7713552976057549
460403,3,ceop,aim,0.11631827376938637,0.7905,0.7620303230059328,0.8196223870532704,0.7499260136134951,0.8601493550577054,0.05759206404733763,-0.6498422712933754,0.8601493550577054,0.27668631303208907,0.723313686967911,0.13985064494229463,-0.8836817262306136,0.9472555746140652
460403,5,,,0.1419693462849228,0.788,0.7481872116018458,0.8287255563047876,0.7684413085311097,0.813306177868296,0.08053834470294186,-0.5278494864265988,0.813306177868296,0.2364112639161755,0.7635887360838245,0.18669382213170402,-0.7743203460355574,0.7696400317395456
460403,5,reweigh,aim,0.1419693462849228,0.788,0.7481872116018458,0.8287255563047876,0.7684413085311097,0.813306177868296,0.08053834470294186,-0.5278494864265988,0.813306177868296,0.2364112639161755,0.7635887360838245,0.18669382213170402,-0.7743203460355574,0.7696400317395456
460403,5,reweigh,aim,0.5284670415989837,0.712,0.6700725115359262,0.7548887390424814,0.7118997912317327,0.6945010183299389,0.08481622750655526,0.005399070000982387,0.6945010183299389,0.27111984282907664,0.7288801571709234,0.3054989816700611,-0.2945138286651041,0.17458650689194777
460403,5,dir,aim,0.1419693462849228,0.788,0.7481872116018458,0.8287255563047876,0.7684413085311097,0.813306177868296,0.08053834470294186,-0.5278494864265988,0.813306177868296,0.2364112639161755,0.7635887360838245,0.18669382213170402,-0.7743203460355574,0.7696400317395456
460403,5,dir,aim,0.12777241165643052,0.783,0.7481872116018458,0.8186109238031019,0.7668831168831168,0.801765105227427,0.0704237122012561,-0.5814772466789648,0.801765105227427,0.23510150622134904,0.7648984937786509,0.19823489477257297,-0.7871322138710262,0.7713552976057549
460403,5,lfr,aim,inf,inf,inf,inf,inf,inf,inf,inf,inf,inf,inf,inf,inf,inf
460403,5,lfr,aim,inf,inf,inf,inf,inf,inf,inf,inf,inf,inf,inf,inf,inf,inf
460403,5,egr,aim,0.1419693462849228,0.788,0.7481872116018458,0.8287255563047876,0.7684413085311097,0.813306177868296,0.08053834470294186,-0.5278494864265988,0.813306177868296,0.2364112639161755,0.7635887360838245,0.18669382213170402,-0.7743203460355574,0.7696400317395456
460403,5,egr,aim,0.6871690949494447,0.664,0.6700725115359262,0.657788267026298,0.646780303030303,0.6955193482688391,-0.012284244509628173,0.010130931199720528,0.6955193482688391,0.3664047151277014,0.6335952848722987,0.3044806517311609,-0.19539043014858354,0.049800915125223943
460403,5,gsr,aim,0.1419693462849228,0.788,0.7481872116018458,0.8287255563047876,0.7684413085311097,0.813306177868296,0.08053834470294186,-0.5278494864265988,0.813306177868296,0.2364112639161755,0.7635887360838245,0.18669382213170402,-0.7743203460355574,0.7696400317395456
460403,5,gsr,aim,0.1419693462849228,0.788,0.7481872116018458,0.8287255563047876,0.7684413085311097,0.813306177868296,0.08053834470294186,-0.5278494864265988,0.813306177868296,0.2364112639161755,0.7635887360838245,0.18669382213170402,-0.7743203460355574,0.7696400317395456
460403,5,roc,aim,0.1419693462849228,0.788,0.7481872116018458,0.8287255563047876,0.7684413085311097,0.813306177868296,0.08053834470294186,-0.5278494864265988,0.813306177868296,0.2364112639161755,0.7635887360838245,0.18669382213170402,-0.7743203460355574,0.7696400317395456
460403,5,roc,aim,0.9751168878579105,0.6383333333333333,0.524390243902439,0.7548887390424814,0.693419740777667,0.47216564833672775,0.2304984951400424,0.28870356827087856,0.47216564833672775,0.2013752455795678,0.7986247544204322,0.5278343516632722,-0.008422859647305825,0.28870356827087856
460403,5,eqodds,aim,0.1419693462849228,0.788,0.7481872116018458,0.8287255563047876,0.7684413085311097,0.813306177868296,0.08053834470294186,-0.5278494864265988,0.813306177868296,0.2364112639161755,0.7635887360838245,0.18669382213170402,-0.7743203460355574,0.7696400317395456
460403,5,eqodds,aim,0.9477235366649267,0.5338333333333334,0.6888595912986157,0.37525286581254214,0.515707358212102,0.8302783435166328,-0.3136067254860736,0.009252234944822302,0.8302783435166328,0.752128356254093,0.247871643745907,0.1697216564833673,-0.04242078204711619,0.009252234944822302
460403,5,ceop,aim,0.1419693462849228,0.788,0.7481872116018458,0.8287255563047876,0.7684413085311097,0.813306177868296,0.08053834470294186,-0.5278494864265988,0.813306177868296,0.2364112639161755,0.7635887360838245,0.18669382213170402,-0.7743203460355574,0.7696400317395456
460403,5,ceop,aim,0.12811867835468643,0.795,0.7620303230059328,0.8287255563047876,0.7513181019332161,0.8706720977596741,0.06669523329885485,-0.6009463722397477,0.8706720977596741,0.2779960707269155,0.7220039292730844,0.12932790224032586,-0.8718813216453136,0.9455403087478559
460403,10,,,0.1419693462849228,0.788,0.7481872116018458,0.8287255563047876,0.7684413085311097,0.813306177868296,0.08053834470294186,-0.5278494864265988,0.813306177868296,0.2364112639161755,0.7635887360838245,0.18669382213170402,-0.7743203460355574,0.7696400317395456
460403,10,reweigh,aim,0.1419693462849228,0.788,0.7481872116018458,0.8287255563047876,0.7684413085311097,0.813306177868296,0.08053834470294186,-0.5278494864265988,0.813306177868296,0.2364112639161755,0.7635887360838245,0.18669382213170402,-0.7743203460355574,0.7696400317395456
460403,10,reweigh,aim,0.5284670415989837,0.712,0.6700725115359262,0.7548887390424814,0.7118997912317327,0.6945010183299389,0.08481622750655526,0.005399070000982387,0.6945010183299389,0.27111984282907664,0.7288801571709234,0.3054989816700611,-0.2945138286651041,0.17458650689194777
460403,10,dir,aim,0.1419693462849228,0.788,0.7481872116018458,0.8287255563047876,0.7684413085311097,0.813306177868296,0.08053834470294186,-0.5278494864265988,0.813306177868296,0.2364112639161755,0.7635887360838245,0.18669382213170402,-0.7743203460355574,0.7696400317395456
460403,10,dir,aim,0.14207312504682698,0.7876666666666666,0.7475280158206987,0.8287255563047876,0.7682926829268293,0.8126272912423625,0.08119754048408889,-0.5269844345234846,0.8126272912423625,0.2364112639161755,0.7635887360838245,0.18737270875763748,-0.7736611502544104,0.7696400317395456
460403,10,lfr,aim,inf,inf,inf,inf,inf,inf,inf,inf,inf,inf,inf,inf,inf,inf
460403,10,lfr,aim,inf,inf,inf,inf,inf,inf,inf,inf,inf,inf,inf,inf,inf,inf
460403,10,egr,aim,0.1419693462849228,0.788,0.7481872116018458,0.8287255563047876,0.7684413085311097,0.813306177868296,0.08053834470294186,-0.5278494864265988,0.813306177868296,0.2364112639161755,0.7635887360838245,0.18669382213170402,-0.7743203460355574,0.7696400317395456
460403,10,egr,aim,0.6704352049703144,0.6695,0.6700725115359262,0.6689143627781524,0.653490596110934,0.6958587915818059,-0.0011581487577737581,0.011708218265966575,0.6958587915818059,0.3559266535690897,0.6440733464309103,0.30414120841819414,-0.20584221706699218,0.06352304205489806
460403,10,gsr,aim,0.1419693462849228,0.788,0.7481872116018458,0.8287255563047876,0.7684413085311097,0.813306177868296,0.08053834470294186,-0.5278494864265988,0.813306177868296,0.2364112639161755,0.7635887360838245,0.18669382213170402,-0.7743203460355574,0.7696400317395456
460403,10,gsr,aim,0.33089917926473644,0.7453333333333333,0.6700725115359262,0.8223196223870533,0.782695374800638,0.6663272233537,0.15224711085112708,-0.1255157564974403,0.6663272233537,0.1784544859201048,0.8215455140798952,0.3336727766463001,-0.41791234518567055,0.29594156692625306
460403,10,roc,aim,0.1419693462849228,0.788,0.7481872116018458,0.8287255563047876,0.7684413085311097,0.813306177868296,0.08053834470294186,-0.5278494864265988,0.813306177868296,0.2364112639161755,0.7635887360838245,0.18669382213170402,-0.7743203460355574,0.7696400317395456
460403,10,roc,aim,0.9751168878579105,0.6383333333333333,0.524390243902439,0.7548887390424814,0.693419740777667,0.47216564833672775,0.2304984951400424,0.28870356827087856,0.47216564833672775,0.2013752455795678,0.7986247544204322,0.5278343516632722,-0.008422859647305825,0.28870356827087856
460403,10,eqodds,aim,0.1419693462849228,0.788,0.7481872116018458,0.8287255563047876,0.7684413085311097,0.813306177868296,0.08053834470294186,-0.5278494864265988,0.813306177868296,0.2364112639161755,0.7635887360838245,0.18669382213170402,-0.7743203460355574,0.7696400317395456
460403,10,eqodds,aim,0.9477235366649267,0.5338333333333334,0.6888595912986157,0.37525286581254214,0.515707358212102,0.8302783435166328,-0.3136067254860736,0.009252234944822302,0.8302783435166328,0.752128356254093,0.247871643745907,0.1697216564833673,-0.04242078204711619,0.009252234944822302
460403,10,ceop,aim,0.1419693462849228,0.788,0.7481872116018458,0.8287255563047876,0.7684413085311097,0.813306177868296,0.08053834470294186,-0.5278494864265988,0.813306177868296,0.2364112639161755,0.7635887360838245,0.18669382213170402,-0.7743203460355574,0.7696400317395456
460403,10,ceop,aim,0.12811867835468643,0.795,0.7620303230059328,0.8287255563047876,0.7513181019332161,0.8706720977596741,0.06669523329885485,-0.6009463722397477,0.8706720977596741,0.2779960707269155,0.7220039292730844,0.12932790224032586,-0.8718813216453136,0.9455403087478559
460403,15,,,0.1419693462849228,0.788,0.7481872116018458,0.8287255563047876,0.7684413085311097,0.813306177868296,0.08053834470294186,-0.5278494864265988,0.813306177868296,0.2364112639161755,0.7635887360838245,0.18669382213170402,-0.7743203460355574,0.7696400317395456
460403,15,reweigh,aim,0.1419693462849228,0.788,0.7481872116018458,0.8287255563047876,0.7684413085311097,0.813306177868296,0.08053834470294186,-0.5278494864265988,0.813306177868296,0.2364112639161755,0.7635887360838245,0.18669382213170402,-0.7743203460355574,0.7696400317395456
460403,15,reweigh,aim,0.5284670415989837,0.712,0.6700725115359262,0.7548887390424814,0.7118997912317327,0.6945010183299389,0.08481622750655526,0.005399070000982387,0.6945010183299389,0.27111984282907664,0.7288801571709234,0.3054989816700611,-0.2945138286651041,0.17458650689194777
460403,15,dir,aim,0.1419693462849228,0.788,0.7481872116018458,0.8287255563047876,0.7684413085311097,0.813306177868296,0.08053834470294186,-0.5278494864265988,0.813306177868296,0.2364112639161755,0.7635887360838245,0.18669382213170402,-0.7743203460355574,0.7696400317395456
460403,15,dir,aim,0.1419693462849228,0.788,0.7481872116018458,0.8287255563047876,0.7684413085311097,0.813306177868296,0.08053834470294186,-0.5278494864265988,0.813306177868296,0.2364112639161755,0.7635887360838245,0.18669382213170402,-0.7743203460355574,0.7696400317395456
460403,15,lfr,aim,inf,inf,inf,inf,inf,inf,inf,inf,inf,inf,inf,inf,inf,inf
460403,15,lfr,aim,inf,inf,inf,inf,inf,inf,inf,inf,inf,inf,inf,inf,inf,inf
460403,15,egr,aim,0.1419693462849228,0.788,0.7481872116018458,0.8287255563047876,0.7684413085311097,0.813306177868296,0.08053834470294186,-0.5278494864265988,0.813306177868296,0.2364112639161755,0.7635887360838245,0.18669382213170402,-0.7743203460355574,0.7696400317395456
460403,15,egr,aim,0.6769128398009454,0.6681666666666667,0.6700725115359262,0.6662171274443696,0.6516354398221658,0.6965376782077393,-0.003855384091556613,0.01486279239845878,0.6965376782077393,0.35920104780615586,0.6407989521938441,0.3034623217922607,-0.2017963640663179,0.059234877389374885
460403,15,gsr,aim,0.1419693462849228,0.788,0.7481872116018458,0.8287255563047876,0.7684413085311097,0.813306177868296,0.08053834470294186,-0.5278494864265988,0.813306177868296,0.2364112639161755,0.7635887360838245,0.18669382213170402,-0.7743203460355574,0.7696400317395456
460403,15,gsr,aim,0.3751630172740487,0.7373333333333333,0.6700725115359262,0.806136210384356,0.7644787644787645,0.6720977596741344,0.13606369884842984,-0.09870187637125738,0.6720977596741344,0.1997380484610347,0.8002619515389653,0.32790224032586557,-0.3902656830143961,0.2680684966003526
460403,15,roc,aim,0.1419693462849228,0.788,0.7481872116018458,0.8287255563047876,0.7684413085311097,0.813306177868296,0.08053834470294186,-0.5278494864265988,0.813306177868296,0.2364112639161755,0.7635887360838245,0.18669382213170402,-0.7743203460355574,0.7696400317395456
460403,15,roc,aim,0.9751168878579105,0.6383333333333333,0.524390243902439,0.7548887390424814,0.693419740777667,0.47216564833672775,0.2304984951400424,0.28870356827087856,0.47216564833672775,0.2013752455795678,0.7986247544204322,0.5278343516632722,-0.008422859647305825,0.28870356827087856
460403,15,eqodds,aim,0.1419693462849228,0.788,0.7481872116018458,0.8287255563047876,0.7684413085311097,0.813306177868296,0.08053834470294186,-0.5278494864265988,0.813306177868296,0.2364112639161755,0.7635887360838245,0.18669382213170402,-0.7743203460355574,0.7696400317395456
460403,15,eqodds,aim,0.9477235366649267,0.5338333333333334,0.6888595912986157,0.37525286581254214,0.515707358212102,0.8302783435166328,-0.3136067254860736,0.009252234944822302,0.8302783435166328,0.752128356254093,0.247871643745907,0.1697216564833673,-0.04242078204711619,0.009252234944822302
460403,15,ceop,aim,0.1419693462849228,0.788,0.7481872116018458,0.8287255563047876,0.7684413085311097,0.813306177868296,0.08053834470294186,-0.5278494864265988,0.813306177868296,0.2364112639161755,0.7635887360838245,0.18669382213170402,-0.7743203460355574,0.7696400317395456
460403,15,ceop,aim,0.12811867835468643,0.795,0.7620303230059328,0.8287255563047876,0.7513181019332161,0.8706720977596741,0.06669523329885485,-0.6009463722397477,0.8706720977596741,0.2779960707269155,0.7220039292730844,0.12932790224032586,-0.8718813216453136,0.9455403087478559
460403,20,,,0.1419693462849228,0.788,0.7481872116018458,0.8287255563047876,0.7684413085311097,0.813306177868296,0.08053834470294186,-0.5278494864265988,0.813306177868296,0.2364112639161755,0.7635887360838245,0.18669382213170402,-0.7743203460355574,0.7696400317395456
460403,20,reweigh,aim,0.1419693462849228,0.788,0.7481872116018458,0.8287255563047876,0.7684413085311097,0.813306177868296,0.08053834470294186,-0.5278494864265988,0.813306177868296,0.2364112639161755,0.7635887360838245,0.18669382213170402,-0.7743203460355574,0.7696400317395456
460403,20,reweigh,aim,0.5284670415989837,0.712,0.6700725115359262,0.7548887390424814,0.7118997912317327,0.6945010183299389,0.08481622750655526,0.005399070000982387,0.6945010183299389,0.27111984282907664,0.7288801571709234,0.3054989816700611,-0.2945138286651041,0.17458650689194777
460403,20,dir,aim,0.1419693462849228,0.788,0.7481872116018458,0.8287255563047876,0.7684413085311097,0.813306177868296,0.08053834470294186,-0.5278494864265988,0.813306177868296,0.2364112639161755,0.7635887360838245,0.18669382213170402,-0.7743203460355574,0.7696400317395456
460403,20,dir,aim,0.1153068105192178,0.79,0.7620303230059328,0.8186109238031019,0.7497037914691943,0.8591310251188051,0.05658060079716909,-0.6545741324921135,0.8591310251188051,0.27668631303208907,0.723313686967911,0.14086897488119485,-0.8846931894807822,0.9472555746140652
460403,20,lfr,aim,inf,inf,inf,inf,inf,inf,inf,inf,inf,inf,inf,inf,inf,inf
460403,20,lfr,aim,inf,inf,inf,inf,inf,inf,inf,inf,inf,inf,inf,inf,inf,inf
460403,20,egr,aim,0.1419693462849228,0.788,0.7481872116018458,0.8287255563047876,0.7684413085311097,0.813306177868296,0.08053834470294186,-0.5278494864265988,0.813306177868296,0.2364112639161755,0.7635887360838245,0.18669382213170402,-0.7743203460355574,0.7696400317395456
460403,20,egr,aim,0.6715148107754195,0.6681666666666667,0.6700725115359262,0.6662171274443696,0.6521185090793247,0.6948404616429056,-0.003855384091556613,0.006976357067228434,0.6948404616429056,0.3575638506876228,0.6424361493123772,0.30515953835709436,-0.20516790823354647,0.06137895972213647
460403,20,gsr,aim,0.1419693462849228,0.788,0.7481872116018458,0.8287255563047876,0.7684413085311097,0.813306177868296,0.08053834470294186,-0.5278494864265988,0.813306177868296,0.2364112639161755,0.7635887360838245,0.18669382213170402,-0.7743203460355574,0.7696400317395456
460403,20,gsr,aim,0.1419693462849228,0.788,0.7481872116018458,0.8287255563047876,0.7684413085311097,0.813306177868296,0.08053834470294186,-0.5278494864265988,0.813306177868296,0.2364112639161755,0.7635887360838245,0.18669382213170402,-0.7743203460355574,0.7696400317395456
460403,20,roc,aim,0.1419693462849228,0.788,0.7481872116018458,0.8287255563047876,0.7684413085311097,0.813306177868296,0.08053834470294186,-0.5278494864265988,0.813306177868296,0.2364112639161755,0.7635887360838245,0.18669382213170402,-0.7743203460355574,0.7696400317395456
460403,20,roc,aim,0.9751168878579105,0.6383333333333333,0.524390243902439,0.7548887390424814,0.693419740777667,0.47216564833672775,0.2304984951400424,0.28870356827087856,0.47216564833672775,0.2013752455795678,0.7986247544204322,0.5278343516632722,-0.008422859647305825,0.28870356827087856
460403,20,eqodds,aim,0.1419693462849228,0.788,0.7481872116018458,0.8287255563047876,0.7684413085311097,0.813306177868296,0.08053834470294186,-0.5278494864265988,0.813306177868296,0.2364112639161755,0.7635887360838245,0.18669382213170402,-0.7743203460355574,0.7696400317395456
460403,20,eqodds,aim,0.9477235366649267,0.5338333333333334,0.6888595912986157,0.37525286581254214,0.515707358212102,0.8302783435166328,-0.3136067254860736,0.009252234944822302,0.8302783435166328,0.752128356254093,0.247871643745907,0.1697216564833673,-0.04242078204711619,0.009252234944822302
460403,20,ceop,aim,0.1419693462849228,0.788,0.7481872116018458,0.8287255563047876,0.7684413085311097,0.813306177868296,0.08053834470294186,-0.5278494864265988,0.813306177868296,0.2364112639161755,0.7635887360838245,0.18669382213170402,-0.7743203460355574,0.7696400317395456
460403,20,ceop,aim,0.12811867835468643,0.795,0.7620303230059328,0.8287255563047876,0.7513181019332161,0.8706720977596741,0.06669523329885485,-0.6009463722397477,0.8706720977596741,0.2779960707269155,0.7220039292730844,0.12932790224032586,-0.8718813216453136,0.9455403087478559
