,sex,age,race,priors_count,c_charge_degree,score_text,two_year_recid
5307,1,22,0,7,0,0,1
4761,0,21,0,0,1,1,0
807,1,32,0,4,1,2,1
2252,1,49,0,7,1,1,1
3693,1,33,0,0,0,1,0
161,1,71,0,5,0,1,1
3649,1,24,0,2,1,1,0
2371,1,22,0,0,1,1,0
1328,1,39,0,0,1,1,0
958,1,20,0,0,1,2,0
565,0,45,0,1,0,1,0
1503,1,32,0,1,0,1,0
4848,1,43,0,1,0,1,0
2500,1,29,0,3,1,1,1
990,1,50,0,0,0,0,1
5015,1,24,0,0,0,1,1
3083,1,25,0,7,0,2,0
418,1,30,0,0,0,2,1
1269,1,22,0,2,1,1,1
4241,1,37,0,0,0,2,0
2167,1,49,0,6,0,2,1
4629,1,51,0,6,0,1,0
2914,1,40,0,2,1,1,1
2646,1,29,0,2,1,1,0
4591,0,31,0,8,1,1,1
2617,1,30,0,0,0,0,1
2844,1,24,0,1,0,1,1
2194,0,47,0,18,0,0,1
5698,1,41,0,10,0,1,1
4968,1,28,0,1,1,1,0
1854,1,50,0,1,0,1,0
3105,0,58,0,5,0,1,1
1183,1,43,0,0,0,1,0
1666,0,23,0,1,1,1,0
5172,1,22,0,2,0,0,1
1228,0,27,0,1,0,2,1
1816,1,22,0,2,0,0,0
2530,1,24,0,0,1,0,1
4149,0,24,0,3,0,2,1
4524,1,22,0,6,1,1,1
2160,1,45,0,2,1,1,0
5573,1,22,0,0,0,2,0
1561,1,34,0,0,1,1,0
384,0,27,0,0,0,1,1
3263,1,48,0,2,0,2,0
3357,0,27,0,5,0,1,0
4954,1,49,0,4,0,2,1
1020,1,30,0,3,1,0,1
1524,1,21,0,8,1,2,1
1309,1,42,0,2,0,1,0
1036,1,35,0,0,0,0,1
533,1,28,0,3,1,1,0
2904,1,24,0,6,0,2,1
2638,1,64,0,3,0,1,1
1206,1,22,0,3,0,1,1
1943,1,31,0,4,0,2,1
587,1,45,0,0,0,2,0
3003,1,49,0,15,1,1,1
484,1,26,0,0,0,2,0
1024,1,69,0,0,1,0,0
801,1,39,0,6,0,0,1
5067,1,19,0,2,1,1,0
2793,1,43,0,9,0,0,1
5019,1,49,0,1,1,2,0
5351,1,29,0,1,1,1,1
4567,1,50,0,1,1,1,1
1995,0,31,0,1,0,1,0
5476,1,51,0,2,0,1,0
1483,0,37,0,4,0,1,0
3201,0,55,0,0,1,1,0
773,1,39,0,2,1,0,1
550,1,29,0,0,0,1,0
271,1,52,0,2,1,1,1
10,1,30,0,3,0,2,1
1345,1,33,0,0,1,1,0
137,1,20,0,0,1,1,0
422,1,26,0,0,1,1,0
2186,0,38,0,0,1,1,0
5384,1,30,0,26,1,1,0
2154,1,22,0,8,1,0,0
244,1,36,0,0,0,0,0
541,1,27,0,0,0,1,0
450,0,39,0,3,1,2,1
5190,1,21,0,0,0,2,1
2628,1,35,0,30,0,0,1
1570,1,38,0,29,0,1,0
4955,1,55,0,3,1,1,0
4789,1,26,0,3,0,1,0
4377,1,40,0,6,0,0,1
3193,1,23,0,1,1,2,1
419,1,46,0,1,1,1,0
5161,1,69,0,17,1,2,1
2865,1,22,0,5,1,1,1
4223,1,33,0,1,1,2,0
1769,1,54,0,3,0,1,0
1573,1,22,0,0,1,0,1
2069,1,50,0,0,1,1,1
4446,0,54,0,4,1,1,0
4601,1,46,0,7,0,2,0
3112,1,33,0,0,0,2,1
3932,0,32,0,0,0,1,1
2600,1,43,0,0,0,2,0
4061,1,28,0,1,0,2,0
5590,1,26,0,6,1,2,1
4961,1,23,0,4,1,2,0
1866,1,35,0,2,1,0,1
3027,1,71,0,0,0,2,0
3290,1,20,0,0,1,1,1
5075,1,29,0,0,1,1,0
491,0,35,0,10,0,1,0
184,1,28,1,3,1,1,1
2901,1,65,0,8,1,1,0
1723,1,29,0,14,0,2,0
2678,1,19,0,5,0,1,1
3978,1,28,0,0,1,1,0
3766,1,24,0,0,1,2,0
2627,1,48,0,4,0,2,1
907,1,25,0,9,0,1,0
5002,0,50,0,13,1,1,1
3424,1,24,0,3,1,2,0
2386,0,25,0,2,0,2,0
5631,1,30,0,9,0,0,1
1473,1,27,0,0,0,1,0
5440,1,64,0,0,1,2,0
3411,1,47,0,7,0,0,1
4054,1,22,0,26,1,1,0
2921,0,26,0,12,1,1,0
4454,1,35,0,1,0,1,1
2713,1,51,0,6,0,0,1
2513,1,30,0,4,1,0,1
5622,1,38,0,1,0,1,0
1536,1,29,0,8,0,2,1
3570,1,24,0,3,0,1,0
4472,0,51,0,0,0,1,0
5195,1,23,0,3,0,2,1
124,1,22,0,4,1,2,1
3536,1,22,0,1,0,1,0
1022,1,25,0,4,1,0,1
525,1,21,0,0,0,1,0
3127,1,49,0,1,0,1,0
981,1,22,0,0,0,0,1
4847,1,22,0,1,1,1,1
542,1,52,1,10,1,2,0
4760,1,29,0,2,0,1,1
631,0,33,0,1,0,2,1
3045,1,23,0,0,1,1,0
1259,1,26,0,2,0,0,1
4234,1,41,0,1,0,0,1
685,0,32,0,15,0,1,1
2910,1,22,0,3,1,2,1
267,1,28,0,22,0,2,1
1361,1,29,0,0,1,2,1
4577,1,22,0,0,1,2,1
4626,0,50,0,0,0,2,0
107,1,22,0,8,0,1,1
3636,1,24,0,10,1,1,1
1591,1,32,0,0,0,1,1
3169,1,48,0,5,0,1,1
2528,1,25,0,0,0,1,0
3389,1,46,0,5,0,1,0
3399,0,71,0,0,0,2,0
2407,1,35,0,0,1,2,1
847,1,33,0,0,1,1,0
2977,1,43,0,8,0,1,1
930,1,34,0,1,0,1,0
3700,1,20,0,1,0,1,0
3012,1,27,0,5,0,1,0
3173,1,37,0,0,1,2,1
684,1,30,0,4,0,2,1
1037,0,31,0,3,0,2,0
5306,1,34,0,15,0,1,1
4406,1,65,0,4,1,1,1
1331,1,26,0,8,1,1,0
2239,1,29,0,1,0,2,1
549,1,24,0,0,0,0,1
4751,0,20,0,1,0,0,0
1135,1,37,0,15,1,2,1
3035,1,25,0,0,1,2,0
2003,1,21,0,7,0,2,1
1795,0,20,0,0,0,1,0
4630,1,61,0,1,0,0,1
3079,1,28,0,1,0,2,1
4146,1,48,0,1,1,1,0
5579,1,51,0,9,1,1,1
4267,1,20,0,2,0,2,1
4911,1,26,0,1,0,1,0
5331,0,30,0,1,0,1,1
1267,1,24,0,2,1,1,1
1739,1,39,0,1,0,0,1
3402,0,32,0,2,0,0,0
601,0,50,0,0,1,1,0
276,1,43,0,12,0,0,1
1534,1,28,0,2,0,1,1
3792,1,47,0,1,0,1,1
2329,1,52,0,0,0,0,1
5532,1,52,0,0,1,2,0
5649,0,33,0,3,0,1,0
3274,0,32,0,0,0,2,0
3375,1,35,0,3,1,0,1
118,1,35,0,1,0,2,1
3954,1,51,0,2,1,1,1
3799,0,34,0,2,0,1,0
468,1,34,0,0,0,1,0
4219,1,56,0,7,0,1,1
5669,0,24,0,0,1,2,1
4978,1,22,0,0,0,1,0
3944,1,21,0,3,0,1,1
3013,1,26,0,1,1,2,1
4300,0,19,0,29,0,2,1
1134,1,24,0,0,0,1,0
794,1,32,0,3,0,1,0
2144,0,27,0,22,1,1,0
117,1,25,0,2,1,0,0
1007,0,32,0,0,1,1,0
3607,0,23,0,3,0,0,1
2758,0,23,0,3,1,1,1
4883,1,24,0,0,0,0,1
2210,1,33,0,2,1,0,1
3460,1,30,0,4,1,1,1
4520,1,41,0,0,1,1,0
451,1,55,0,0,0,1,0
1863,0,27,0,1,0,2,1
4068,1,61,0,0,1,1,0
3273,1,30,0,17,0,0,1
1209,1,23,0,0,0,1,0
4451,1,50,0,4,1,0,1
3780,1,49,0,4,0,1,0
1001,1,39,0,0,0,1,0
142,1,71,0,0,0,2,0
2355,0,25,0,8,0,0,1
5727,1,21,0,3,1,1,0
5758,1,48,0,2,0,1,0
4799,1,37,0,4,1,0,1
2020,0,55,0,4,0,2,1
2335,1,38,0,1,0,0,0
2812,1,32,0,1,0,0,0
3329,0,41,0,2,0,1,0
2277,1,49,0,10,0,1,0
1042,1,52,0,6,0,0,1
2450,1,43,0,0,1,1,1
321,1,31,0,7,0,2,0
2062,1,26,0,1,0,0,1
2523,1,36,0,5,0,0,0
4592,1,30,0,27,0,1,0
4909,1,29,0,2,0,1,1
1907,1,21,0,0,0,1,1
2197,1,32,0,1,0,0,0
3167,1,50,0,13,0,0,1
89,0,35,0,0,1,1,0
4027,1,42,0,33,0,0,1
1652,1,33,0,1,0,2,1
553,0,32,0,1,0,1,0
4733,0,30,0,0,1,1,1
5160,1,36,0,0,0,2,1
4699,1,22,0,18,1,2,1
3404,0,19,0,11,0,0,0
3010,1,46,0,6,0,0,1
3353,0,54,0,0,1,1,0
695,1,29,0,0,0,0,1
950,0,31,0,11,1,0,1
3590,1,27,0,0,1,1,0
1482,1,26,0,1,0,1,0
5469,1,31,0,3,0,2,0
2012,1,49,0,2,1,1,1
3616,0,50,0,1,0,0,1
3202,1,54,0,1,1,2,1
3171,1,23,0,3,0,2,1
2829,1,28,0,0,0,2,0
1010,1,20,0,5,0,0,1
4031,1,26,0,2,0,1,1
1316,1,22,0,1,0,2,1
4076,1,32,0,6,0,2,1
3812,1,22,0,0,0,1,0
3135,0,24,0,2,1,1,0
1828,1,23,0,22,0,2,1
4262,1,22,0,16,0,1,0
2466,1,42,0,6,1,1,1
4764,1,21,0,3,0,0,1
717,1,26,0,0,1,1,0
5030,0,30,0,0,1,1,0
2702,1,43,0,1,0,2,0
2015,0,39,0,0,0,1,0
2851,1,30,0,3,0,1,1
4780,1,50,0,2,0,2,1
3557,1,35,0,0,0,1,0
4627,0,25,0,3,1,1,0
1715,1,31,0,15,0,1,1
1946,1,25,0,16,1,2,1
5039,1,49,0,4,1,0,1
209,1,37,0,2,0,1,0
903,0,35,0,3,0,1,1
2525,1,59,0,1,0,1,0
2643,1,30,0,1,0,0,0
4245,0,24,0,5,0,1,0
1322,1,32,0,0,1,1,0
2105,1,48,0,6,1,1,0
3268,1,47,0,2,0,0,1
2800,0,26,0,33,0,1,0
1140,1,55,0,1,0,1,0
1658,0,21,0,0,0,2,0
3147,1,30,0,0,1,1,0
687,1,61,0,14,0,1,0
1640,1,28,0,0,0,1,0
4937,1,23,0,1,0,0,1
157,1,21,0,1,1,1,0
702,1,61,0,10,1,2,1
2932,1,46,0,0,0,1,0
4276,1,22,0,1,1,1,0
5135,1,24,0,0,0,1,0
3252,0,38,0,0,0,0,0
483,1,36,0,15,1,0,1
806,1,25,0,0,1,2,0
2991,1,20,0,0,0,1,0
14,0,52,0,0,0,2,0
1911,1,43,0,5,1,1,0
5697,1,24,0,8,0,2,1
4681,1,39,0,9,0,1,1
4364,1,25,0,28,0,1,1
481,1,23,0,26,0,1,0
3985,1,34,0,4,0,1,1
2184,1,29,0,1,0,1,0
3489,1,25,0,0,0,2,1
1470,1,33,0,2,0,1,0
5612,1,33,0,5,0,1,0
5583,1,39,0,3,0,2,1
2017,1,56,0,16,0,1,1
4793,1,22,0,0,1,1,0
4622,1,24,0,3,0,0,0
3161,1,28,0,0,0,2,1
1299,1,50,0,6,0,2,1
1697,1,37,0,2,1,1,0
452,0,31,0,0,0,1,0
4,1,51,0,0,0,1,0
3364,0,42,0,5,0,2,1
2509,1,35,0,1,0,2,0
3151,1,38,0,1,1,1,0
1751,1,34,0,2,0,1,0
1276,0,54,0,1,1,1,0
2994,1,43,0,0,1,1,0
654,1,24,0,0,1,2,1
310,0,24,0,4,1,1,0
3320,1,26,0,2,1,1,0
2313,0,37,0,0,1,1,0
2578,1,43,0,1,0,0,1
4527,1,39,0,2,0,0,1
3241,1,36,0,2,0,2,1
3350,1,56,0,3,0,2,1
134,1,50,0,29,0,1,0
3014,1,32,0,22,0,2,1
2087,1,23,0,0,0,1,0
3261,0,25,0,0,0,0,1
1687,0,46,0,1,0,1,0
3905,1,52,0,0,1,0,0
3299,0,35,0,0,0,1,0
554,1,77,0,4,1,1,0
4914,1,25,0,4,0,2,1
3188,1,21,0,1,0,0,1
915,1,27,0,0,0,2,0
488,1,27,0,1,0,1,0
5412,1,47,0,1,0,0,0
738,1,35,0,11,1,1,1
1897,1,22,0,7,0,1,0
4257,1,20,0,0,0,2,1
712,1,27,0,1,0,1,0
3637,1,29,0,3,0,2,1
644,1,27,0,0,1,1,0
3270,0,31,0,0,0,1,0
365,1,38,0,2,1,1,0
4706,1,22,0,4,0,1,0
106,1,52,0,1,0,0,1
4333,1,24,0,11,0,0,1
789,1,27,0,1,0,1,0
1355,1,31,0,2,0,0,1
818,1,30,0,2,1,1,0
5243,1,29,0,15,0,0,1
4506,1,55,0,0,0,0,0
5745,1,50,0,0,0,1,0
3658,1,35,0,15,0,2,0
583,1,22,1,3,1,1,0
3059,1,44,0,1,1,1,0
3995,0,26,0,1,1,2,0
2786,1,37,0,0,0,1,0
3929,1,24,0,2,1,0,1
5055,1,32,0,0,1,1,0
32,1,31,0,2,0,1,0
1360,1,35,0,1,0,1,0
3880,1,38,0,10,0,2,0
4729,1,20,0,0,0,1,0
4651,1,21,0,2,0,1,0
3723,0,28,0,6,0,2,1
4849,1,33,0,1,0,1,0
3408,1,23,0,1,0,2,1
4315,1,32,0,4,0,1,0
2176,1,36,0,1,1,1,0
5178,1,33,0,1,0,0,1
2496,1,34,0,1,0,0,1
1505,1,44,0,0,0,1,0
2889,1,30,0,17,0,1,1
2188,1,31,0,6,0,0,0
5652,1,20,0,2,1,2,1
4649,1,39,0,3,0,0,1
4881,1,27,0,6,0,2,1
4390,1,27,0,0,0,0,1
3621,0,21,0,4,1,1,0
80,1,27,0,6,0,0,1
5719,1,65,0,3,0,0,1
3129,1,32,0,0,0,1,0
3921,0,51,0,2,1,1,0
1993,0,48,0,0,1,1,1
5755,1,47,0,1,0,2,0
5677,1,26,0,13,0,1,1
4721,1,65,0,7,1,1,1
326,1,43,0,5,0,1,0
1794,1,28,0,18,0,1,1
3961,1,54,0,0,0,0,0
2424,1,28,0,3,0,1,0
4774,1,30,0,0,1,1,0
1731,1,30,0,4,0,0,1
154,0,26,0,4,0,1,0
2290,1,37,0,0,0,0,1
5564,1,51,0,5,0,1,1
1585,1,24,0,18,1,1,1
3214,1,19,0,0,1,1,1
2596,1,41,0,1,1,2,0
1945,0,21,0,0,0,1,1
4620,0,40,0,3,1,1,0
430,1,36,0,2,1,1,0
166,1,30,0,27,1,1,0
4029,1,26,0,12,1,1,1
5106,1,51,0,5,1,1,0
1219,1,21,0,1,1,0,1
1389,1,20,0,0,0,2,1
2220,1,32,0,0,0,1,0
3842,0,23,0,0,0,2,1
264,1,33,0,0,0,1,0
5650,1,61,0,29,1,0,1
2544,1,33,0,0,0,1,0
2489,1,31,0,0,1,1,0
4177,1,25,0,17,0,2,0
3485,1,33,0,17,0,0,1
3829,1,31,0,0,1,1,0
3896,1,75,0,17,1,0,1
3300,1,36,0,6,0,1,1
4211,1,35,0,4,0,2,1
347,1,22,0,0,0,1,0
5090,1,31,0,0,0,1,0
4019,1,26,0,0,0,2,0
4458,1,58,0,1,1,0,0
840,1,33,0,4,0,2,1
3563,1,21,0,0,0,2,0
2442,1,24,0,0,0,1,0
2043,1,24,0,3,0,1,0
3349,1,41,0,0,0,1,0
3106,0,30,0,10,0,2,1
1021,1,39,0,2,1,1,1
5510,1,21,0,2,1,2,0
2438,1,56,0,17,0,1,0
1469,1,42,0,23,0,0,1
2428,1,31,0,7,0,0,1
4191,1,37,0,0,1,0,0
2808,1,65,0,0,1,1,0
5437,1,40,0,8,1,1,0
4557,1,48,0,27,1,1,0
4083,1,25,0,1,1,1,0
5102,1,22,0,1,0,2,0
2952,0,61,0,0,0,1,0
1736,1,37,0,0,1,1,1
673,0,50,0,2,1,1,0
723,1,27,0,5,0,2,1
5329,1,32,0,1,0,1,0
2056,1,35,0,1,0,1,0
3346,1,27,0,4,0,1,1
4393,0,53,0,0,0,0,1
1801,0,37,0,0,0,1,0
3116,1,24,0,29,0,0,1
3157,0,31,0,0,1,2,0
1154,1,65,0,0,0,2,0
3005,0,56,0,1,0,1,0
5599,1,42,0,0,0,2,0
3624,0,52,0,2,0,1,0
3512,1,28,0,2,0,2,1
4366,0,37,0,0,1,0,0
1909,1,23,0,12,0,1,0
4185,1,35,0,1,1,0,1
4887,1,41,0,3,0,2,1
1151,1,37,0,4,0,1,1
3001,0,25,0,4,0,2,0
1153,1,38,0,0,0,1,0
1956,1,28,0,5,0,1,1
4199,1,22,0,2,0,1,0
3618,1,53,0,0,0,1,0
459,1,26,0,4,0,2,1
34,1,28,0,8,1,1,1
2872,1,49,0,33,0,1,1
1248,0,33,0,0,0,1,0
5570,1,27,0,0,0,2,0
4876,0,29,0,0,1,1,0
2534,1,44,0,1,0,2,0
700,1,22,0,0,0,1,0
1593,1,44,0,3,1,2,0
3704,1,22,0,3,0,2,1
4811,1,24,0,26,1,1,0
98,1,57,0,1,0,1,0
3977,1,31,0,7,0,1,1
5621,1,42,0,12,0,1,1
3415,1,26,0,1,1,1,0
1009,1,37,0,10,1,0,1
1146,1,58,0,6,0,2,1
5519,1,41,0,2,1,0,0
2805,1,26,0,1,0,0,1
3906,1,23,0,1,0,1,0
2783,1,26,0,15,0,0,1
4801,0,64,0,0,0,1,0
5287,1,51,0,29,0,1,0
5435,0,30,0,0,0,1,0
5527,1,33,0,15,0,1,0
3926,0,65,0,1,0,1,0
5266,1,21,0,0,0,0,1
1114,1,24,0,12,0,1,0
602,1,25,0,0,1,1,0
5025,1,37,0,0,0,1,0
2604,1,59,0,0,1,1,0
3566,0,23,0,22,0,1,0
4868,1,25,0,0,0,1,0
1527,1,31,0,2,1,1,0
3790,0,29,0,1,1,1,0
813,1,21,0,2,0,1,0
5630,0,23,0,1,0,1,0
5487,1,34,0,0,1,2,1
4787,1,25,0,5,0,2,1
1675,1,22,0,0,0,1,1
3488,1,25,0,4,0,1,1
2191,0,24,0,1,1,1,0
4248,1,30,0,1,0,1,0
5396,1,54,0,1,0,1,0
3638,1,64,0,6,0,2,1
4989,0,34,0,0,0,1,0
3097,0,24,0,1,0,1,0
5402,1,22,0,4,0,2,1
4321,0,27,0,2,1,2,0
4069,0,30,0,0,0,1,0
4252,1,29,0,4,0,2,1
3466,1,36,0,4,0,1,1
5029,1,54,0,4,1,1,0
1872,0,41,0,29,1,1,1
2779,0,27,0,1,0,1,1
3589,1,55,0,1,0,1,0
5255,1,24,0,4,1,1,0
180,1,22,0,3,0,1,0
3625,1,21,0,0,0,1,0
3778,1,32,0,1,1,2,1
2263,1,26,0,3,1,2,1
705,1,37,0,1,0,1,1
3532,1,23,0,1,0,1,0
1900,1,21,0,1,1,1,0
600,1,35,0,0,1,2,1
110,1,48,0,1,1,0,1
247,1,28,0,4,0,1,0
3065,1,51,0,0,1,1,0
5313,1,40,0,2,1,0,1
151,1,56,0,9,0,1,0
4439,1,29,0,2,0,2,1
4018,1,54,0,0,0,1,0
375,1,41,0,1,0,2,0
116,1,37,0,3,1,2,1
1352,1,46,0,15,0,0,0
1268,1,24,0,3,0,1,0
4922,0,26,0,5,1,0,1
4238,1,26,0,2,0,1,1
959,1,53,0,1,0,0,1
69,1,22,0,0,0,1,0
5154,1,30,0,0,0,1,0
2706,1,24,0,7,1,1,1
3248,1,65,0,1,1,0,0
2083,1,25,0,0,1,2,0
3549,1,22,0,11,0,0,1
3484,1,31,0,33,0,0,1
551,1,24,0,8,1,1,1
3690,1,33,0,3,1,0,0
4902,0,23,0,0,1,1,0
3966,1,32,0,0,1,1,0
1218,1,37,0,7,0,0,1
3698,1,21,0,0,1,1,0
359,1,41,0,1,1,2,1
2985,1,48,0,15,0,1,1
3440,1,39,0,10,0,1,1
2752,1,22,0,1,1,1,0
805,0,32,0,0,0,1,0
755,1,20,0,1,1,1,1
4674,1,31,0,1,1,1,0
1318,0,30,0,5,1,2,1
4331,1,64,0,0,1,1,0
5222,1,31,0,3,1,0,1
5066,1,27,0,1,0,0,1
2769,1,21,0,1,0,1,0
1645,1,34,0,1,0,1,0
4988,1,27,0,7,1,1,0
1163,1,42,0,0,0,1,1
3074,1,48,0,1,0,1,0
3183,1,34,0,0,0,1,0
3724,1,28,0,2,0,0,1
2125,1,29,0,0,0,0,1
2552,1,32,0,11,1,1,1
4920,1,23,0,0,0,1,1
1253,0,27,0,3,1,1,0
4632,1,24,0,0,1,2,0
1230,1,41,0,2,0,1,1
4803,1,52,0,8,0,2,0
371,1,26,0,1,0,1,1
1398,1,54,0,1,1,1,0
5244,1,32,0,1,0,2,0
4615,1,44,0,0,1,1,0
82,0,26,0,0,0,1,0
472,1,37,0,0,0,2,1
1103,1,51,0,3,0,2,0
4459,0,30,0,0,1,2,0
2631,1,24,0,0,1,1,0
1417,1,51,0,2,1,1,0
1485,0,52,0,2,1,1,0
307,0,34,0,1,1,2,1
3322,1,29,0,0,0,0,1
4899,1,43,0,1,0,0,1
2372,1,41,0,16,0,1,1
1553,0,31,0,12,1,1,0
2753,0,28,0,1,0,1,1
5525,1,39,0,1,0,2,1
5379,1,20,0,30,0,0,1
285,1,32,0,2,0,1,1
5642,1,45,0,1,1,0,1
880,1,36,0,2,1,1,0
913,1,26,0,1,0,2,1
4835,1,56,0,3,0,1,0
4950,1,30,0,10,0,2,0
1963,1,28,0,5,1,0,1
1274,0,30,0,0,1,2,0
872,1,40,0,10,1,1,1
3165,1,32,0,1,0,1,1
1850,1,27,0,30,0,1,0
4357,1,27,0,1,0,0,1
3914,1,37,0,8,0,0,1
936,1,29,0,1,1,0,0
40,1,41,0,0,0,2,1
4399,1,65,0,10,0,1,1
2093,1,25,0,1,1,1,0
2536,1,34,0,4,0,1,1
4259,1,23,0,1,0,0,0
3701,1,34,0,1,1,1,0
5665,1,51,0,14,0,1,0
91,1,30,0,18,1,2,1
3765,1,21,0,5,0,2,1
1381,1,21,0,6,0,1,1
1966,1,25,0,3,1,1,0
3876,1,30,0,0,0,1,1
172,1,34,0,0,0,0,1
1720,0,33,0,1,0,1,0
3132,1,27,0,1,1,1,0
4775,1,32,0,1,0,2,1
2930,1,22,0,0,0,2,1
2204,1,26,0,0,0,0,1
4243,1,77,0,27,0,2,0
5587,1,36,0,1,0,1,0
706,1,43,0,1,1,1,0
1812,0,40,0,1,0,1,0
5483,1,33,0,6,0,1,1
1575,1,26,0,0,0,1,0
1053,1,44,0,0,0,1,1
742,1,56,0,4,0,2,0
2902,1,30,0,1,1,1,0
5286,1,48,0,0,1,2,1
2286,1,39,0,7,0,1,0
4919,1,25,0,33,1,2,1
3296,1,31,0,2,1,1,0
1054,1,28,0,0,0,1,0
391,0,26,0,0,0,2,0
5553,1,26,0,1,0,0,1
968,0,33,0,0,0,1,0
5200,1,21,0,2,0,1,0
3669,1,24,0,0,0,1,0
3659,0,37,0,8,1,2,0
594,0,28,0,8,1,1,1
330,1,46,0,3,1,1,0
2007,1,45,0,2,0,2,1
4704,1,29,0,17,1,1,0
2060,1,51,0,1,0,2,1
421,1,31,0,7,0,0,1
2798,1,27,0,2,1,1,0
5168,0,35,0,0,0,2,0
147,1,27,0,8,0,1,0
3361,0,25,0,0,1,1,1
3354,1,33,0,0,0,0,1
5702,1,51,0,0,0,0,1
923,1,27,0,5,0,2,0
4742,1,20,0,10,1,2,1
127,1,25,0,22,0,1,1
4181,0,57,0,1,1,1,0
1659,1,34,0,1,0,1,0
243,1,32,0,1,0,1,0
4535,1,37,0,3,0,2,1
1583,1,40,0,0,1,0,0
2082,1,21,0,2,1,2,1
2841,1,50,0,1,0,0,1
2559,1,30,0,5,0,2,0
3580,1,77,0,0,0,2,0
4977,1,22,0,3,0,1,0
4325,1,26,0,1,1,1,0
56,1,32,0,2,0,2,0
3262,0,27,0,0,0,1,0
2106,1,26,0,8,0,1,0
516,1,22,0,1,0,2,1
2767,1,31,0,0,0,1,0
131,1,23,0,1,0,1,1
771,1,41,0,1,1,1,1
708,1,28,0,3,1,0,1
1895,1,24,0,0,1,1,1
4200,0,59,0,4,0,1,1
620,1,41,0,7,1,1,0
2548,1,54,0,2,1,0,1
3229,0,34,0,2,0,0,0
928,1,27,0,0,0,0,1
1916,1,21,0,12,0,0,1
1827,0,26,0,0,0,0,0
4798,0,36,0,0,1,1,0
2961,1,38,0,0,1,1,0
41,1,48,0,11,0,0,1
378,1,25,0,0,0,1,0
3761,1,31,0,6,0,0,1
2171,1,28,0,29,1,0,1
4389,1,32,0,5,0,0,1
3153,1,26,0,4,0,1,0
2695,1,27,0,0,0,1,0
3215,1,33,0,0,1,1,0
2113,0,31,0,2,0,2,0
2987,0,49,0,0,0,1,0
2138,1,21,0,2,1,0,1
5390,1,29,0,0,0,0,0
5100,1,29,0,1,1,2,0
2694,1,29,0,0,0,1,0
3696,1,29,0,0,0,0,1
1401,1,34,0,1,1,1,0
3934,1,22,0,6,1,1,1
2982,1,42,0,2,1,1,0
3432,1,28,0,0,0,1,0
2212,0,32,0,2,0,1,0
5311,0,44,0,1,1,2,1
308,1,52,0,4,0,1,0
2468,0,33,0,0,1,1,0
4929,1,29,0,2,0,1,0
13,1,24,0,6,0,0,1
2852,1,75,0,1,0,0,0
221,1,49,0,0,0,0,1
3498,1,39,0,4,0,2,1
4603,1,21,0,0,1,1,0
2771,1,39,0,8,0,2,0
2703,1,28,0,2,0,2,1
216,1,36,0,6,0,2,1
5692,1,24,0,4,0,0,1
4233,1,34,0,11,0,0,1
869,1,20,0,15,0,2,1
3588,0,26,0,0,1,1,0
4518,1,46,0,13,0,1,1
77,1,44,0,5,1,1,0
2057,1,50,0,0,0,1,0
3565,1,30,0,6,0,2,1
3897,1,46,0,0,0,2,0
346,0,61,0,15,0,2,1
212,1,29,0,17,0,1,0
3184,1,59,0,5,0,0,1
5087,1,42,0,8,0,1,0
4057,1,22,0,0,0,1,0
3246,1,27,0,1,0,0,0
2705,0,22,0,0,1,1,1
2133,0,23,0,1,0,1,0
5023,1,29,0,0,1,1,0
3211,1,32,0,12,0,1,0
4002,1,28,0,3,0,1,1
2725,0,30,0,2,1,1,0
4675,1,65,0,1,1,1,0
4831,1,41,0,1,1,1,0
2674,0,25,0,0,0,0,1
1584,1,22,0,6,0,0,0
4933,0,65,0,1,1,1,0
1128,1,29,0,1,0,1,0
4655,1,44,0,1,1,2,1
4581,1,28,0,29,0,0,1
4994,1,31,0,3,1,0,1
2560,1,27,0,0,1,1,0
891,1,31,0,4,1,1,0
1041,0,20,0,3,1,1,1
897,1,27,0,0,1,2,0
4851,1,26,0,2,0,2,1
26,1,34,0,0,0,1,1
2668,1,32,0,1,0,2,1
4214,1,45,0,0,1,2,1
5716,1,37,0,0,0,0,1
4924,0,41,0,0,1,1,0
3673,1,38,0,2,0,2,1
3818,1,26,0,1,1,1,0
5449,0,29,0,1,0,1,0
4378,1,29,0,6,0,0,1
1080,1,29,0,0,0,2,1
22,1,50,0,2,0,2,1
2118,1,31,0,0,1,1,0
4680,1,23,0,0,0,0,1
4741,1,34,0,0,0,1,0
4928,1,34,0,0,0,1,0
1665,1,19,0,2,0,1,0
355,0,27,0,7,0,0,1
5147,1,24,0,1,0,1,1
1721,1,55,0,0,0,0,1
1684,1,23,0,2,0,1,0
5595,1,25,0,4,0,2,1
482,1,39,0,2,0,2,1
2742,1,25,0,14,1,0,0
343,1,41,0,7,0,0,0
436,1,29,0,2,1,0,1
1383,1,37,0,0,0,0,0
5760,1,31,0,0,0,0,1
4483,0,46,0,1,0,1,0
3124,1,26,0,1,0,1,0
1626,0,28,0,1,0,1,1
5245,1,29,0,0,0,0,1
3427,1,34,0,0,0,1,0
1215,1,59,0,0,1,0,1
4889,1,77,0,0,0,1,0
4030,1,45,0,3,1,1,0
3757,1,21,0,3,0,2,1
5516,1,27,0,0,0,0,0
5136,1,31,0,4,0,2,0
5115,1,48,0,3,1,2,0
4490,1,40,0,6,0,2,0
1439,1,24,0,0,0,1,0
1471,1,24,0,0,1,1,0
2580,1,32,0,0,1,2,1
3226,1,24,0,2,0,2,1
3541,0,32,0,1,1,1,0
1302,1,21,0,0,0,1,1
1987,1,54,0,0,1,2,0
4420,1,27,0,9,1,1,0
4473,0,32,0,0,0,2,0
2298,1,35,0,1,1,1,0
5009,1,36,0,8,1,2,1
694,1,39,0,0,0,2,0
3810,1,23,0,0,0,1,1
1857,1,22,0,0,1,0,1
3445,1,44,0,1,0,1,1
1273,0,34,0,2,1,2,0
2314,0,40,0,4,1,1,0
4383,0,75,0,5,0,1,0
2807,1,44,0,0,0,1,0
5455,0,32,0,0,0,2,0
4401,0,24,0,17,1,1,1
277,1,27,0,2,0,0,1
2834,0,51,0,1,0,1,0
1868,1,48,0,0,1,0,0
2898,0,21,0,1,0,1,0
976,1,56,0,0,1,1,1
389,1,34,0,1,1,1,0
2319,0,29,0,0,0,1,0
4590,1,28,0,6,1,0,1
3854,1,20,0,1,0,1,0
5754,1,57,1,1,0,1,0
977,1,31,0,0,0,1,0
503,1,55,0,10,0,1,0
953,1,61,0,3,1,0,1
1624,0,24,0,1,0,2,0
902,1,27,0,2,0,2,1
1906,1,54,0,13,1,1,1
2738,1,23,0,1,0,1,1
1732,1,37,0,0,0,2,1
3895,1,42,0,1,0,1,1
762,0,51,0,0,0,2,1
4795,1,51,0,0,0,1,1
163,1,32,0,1,1,1,1
3699,1,28,0,13,0,2,1
1613,1,26,0,2,0,1,0
4750,1,36,0,12,0,2,0
2606,1,26,0,3,1,0,1
3089,1,43,0,5,0,2,1
4731,1,38,0,1,1,1,0
1544,1,31,0,0,1,1,0
1848,1,40,0,5,0,1,0
728,1,29,0,10,0,2,0
3468,1,26,0,8,1,2,1
3781,1,24,0,2,1,1,1
2647,0,24,0,1,1,1,0
3487,1,42,0,1,1,1,0
1981,1,38,0,8,0,1,1
2637,1,19,0,2,0,2,1
624,1,24,0,1,0,1,0
3705,1,58,0,2,0,2,1
334,1,56,0,0,0,0,1
4597,0,35,0,0,1,2,0
2778,0,28,0,4,1,2,1
5142,1,29,0,0,0,2,0
2288,1,75,0,0,1,1,1
1814,1,49,0,3,1,0,1
2146,1,28,0,0,0,1,1
2980,1,29,0,0,1,0,1
1865,1,44,0,2,1,1,0
2665,1,45,0,4,1,1,0
3948,1,44,0,0,0,1,0
5021,1,44,0,1,0,1,0
130,1,29,0,1,0,1,0
815,1,34,0,0,0,2,0
390,1,20,0,0,0,2,0
5253,1,21,0,0,0,1,0
3101,1,24,0,0,0,2,0
3015,1,34,0,16,0,1,1
5492,0,41,0,1,0,2,0
4776,1,46,0,0,0,0,0
1798,1,29,0,12,0,2,1
3417,1,55,0,17,0,2,1
5372,1,46,0,2,0,1,0
666,1,29,0,2,0,2,0
2864,0,50,0,1,0,1,0
5334,1,52,0,1,0,1,1
5046,1,24,0,22,1,1,1
945,1,23,0,2,0,1,0
1405,1,70,0,16,1,1,0
3497,1,23,0,0,0,1,0
324,1,31,0,2,0,0,1
5728,1,56,0,11,0,1,1
1375,1,43,0,3,0,1,0
1150,1,46,0,5,1,1,0
2284,1,24,0,23,0,1,1
3809,1,24,0,10,0,2,0
1182,1,34,0,1,1,1,0
2075,1,28,0,0,0,1,1
5536,1,33,0,0,0,0,0
5152,0,23,0,0,1,1,1
874,1,57,0,3,0,0,1
4538,1,27,0,10,1,1,1
4227,1,34,0,16,0,1,1
3360,0,40,0,0,0,0,0
1447,1,25,0,5,0,1,0
5746,1,48,0,0,0,2,1
5247,0,64,0,1,1,1,0
2129,1,24,0,13,1,0,1
4405,1,50,0,1,0,1,0
1391,0,41,0,0,0,1,0
2625,1,42,0,0,1,2,0
937,1,24,0,2,0,1,0
2425,1,43,1,1,0,1,0
273,0,33,0,5,0,2,1
2061,1,38,0,17,0,1,1
1118,1,50,0,1,0,0,1
3347,1,51,0,0,0,1,0
5319,1,29,0,0,0,2,1
2430,1,30,1,2,0,1,0
1335,1,27,0,0,0,0,1
2480,1,31,0,10,1,1,1
1650,1,32,0,8,1,2,0
4917,1,51,0,1,0,1,0
4251,1,38,0,1,1,1,0
320,1,47,0,0,0,1,0
4953,0,21,0,0,1,1,0
5086,1,31,0,0,0,1,0
2044,1,59,0,2,1,2,0
4137,0,21,0,2,1,1,0
736,1,38,0,1,0,2,0
2199,1,29,0,18,0,2,1
5660,1,39,0,1,0,2,1
5260,1,38,0,0,1,2,0
5045,1,61,0,2,0,2,1
2254,0,22,0,3,1,1,0
2916,1,33,0,3,1,2,0
4790,1,71,0,4,0,2,1
4386,1,26,0,0,0,1,0
2143,1,32,0,0,0,0,0
3787,1,27,0,1,0,1,1
4846,1,36,0,2,0,1,0
679,1,25,0,18,0,0,1
2379,1,24,0,1,1,1,1
5032,1,34,0,2,0,1,1
4522,1,24,0,1,0,2,0
5077,1,30,0,0,0,2,1
5165,0,24,0,0,0,1,0
100,1,29,0,1,1,1,0
626,1,44,0,0,1,1,0
1427,1,24,0,0,0,0,1
5581,1,21,0,15,1,2,0
3244,1,29,0,0,0,0,1
1092,1,29,0,0,0,1,0
2409,1,55,0,3,0,2,1
943,0,21,0,7,0,1,1
1263,1,25,0,1,1,1,0
2981,1,43,0,16,0,1,0
2324,0,26,0,5,1,1,0
169,1,47,0,15,0,1,0
1525,1,77,0,1,0,2,1
949,1,20,0,27,0,1,0
3965,1,23,0,0,0,0,1
2675,1,32,0,17,0,2,0
3385,1,75,0,4,0,1,0
383,1,61,0,4,1,1,0
573,1,71,0,0,0,2,0
1048,1,21,0,0,0,1,0
2027,0,25,0,0,1,1,0
215,0,38,0,0,0,2,1
4394,1,21,0,8,0,2,0
1174,1,29,0,0,1,1,0
2931,1,22,0,4,1,1,1
206,1,25,0,1,0,1,0
5398,1,54,0,2,1,2,1
50,1,25,0,2,1,0,1
1733,1,36,0,0,0,1,0
848,1,21,0,4,0,0,1
3036,0,29,0,0,1,2,0
1270,1,27,0,29,0,1,1
3639,0,30,0,2,1,0,1
2139,1,22,0,3,0,1,1
4397,1,33,0,3,1,1,1
5620,1,47,0,6,0,0,1
783,1,34,0,13,0,0,1
3406,1,22,0,4,0,2,1
640,1,31,0,1,0,1,0
1620,1,21,0,0,1,1,0
2140,1,43,0,2,0,1,0
4374,1,20,0,1,0,1,0
1608,1,29,0,1,0,1,0
4448,1,25,0,4,0,1,1
2550,1,31,0,0,0,2,1
4475,1,23,0,0,0,1,0
1508,0,35,0,4,1,1,0
676,1,20,0,7,1,0,1
5556,1,37,0,2,0,1,1
4931,0,33,0,0,1,2,0
3654,1,50,0,17,0,2,1
4498,1,28,0,0,0,1,0
5409,1,22,0,5,0,2,0
4043,1,25,0,16,0,2,0
2399,1,30,0,3,1,1,0
5634,1,34,0,5,0,0,1
5143,1,48,0,1,1,2,1
3093,1,27,0,1,1,1,1
2962,0,50,0,7,1,1,0
1804,1,61,0,1,0,2,0
2542,1,46,0,3,0,1,0
4089,1,29,0,1,1,0,0
2359,1,49,0,18,1,1,1
4196,1,23,0,0,1,1,1
1564,1,29,0,3,0,1,1
4943,0,40,0,1,0,2,0
1334,1,30,0,2,0,0,0
4003,1,26,0,1,0,0,1
5654,1,31,0,6,0,1,1
3685,1,27,0,0,0,1,0
410,1,22,0,0,1,1,0
3606,1,47,0,4,0,2,0
1199,1,24,0,1,1,1,0
4272,0,26,0,3,0,1,0
4186,1,23,0,1,0,1,1
5371,1,22,0,3,0,0,0
2730,1,28,0,7,0,2,1
2128,1,26,0,6,0,1,1
4921,1,39,0,2,0,0,0
675,1,26,0,0,0,0,0
2299,1,48,0,1,0,0,0
4058,1,32,0,2,0,2,1
3729,1,27,0,1,0,1,0
5205,1,34,0,17,0,1,1
5584,1,34,0,0,0,1,0
2806,0,34,0,0,1,1,0
2797,0,26,0,4,0,1,1
1725,1,43,0,1,1,2,0
5417,1,31,0,33,1,0,0
3692,1,25,0,2,0,1,1
1081,0,22,0,1,0,1,0
606,1,34,0,0,1,2,0
1189,1,45,0,0,0,1,0
357,1,39,0,0,1,1,0
1512,1,58,0,1,0,1,0
4471,1,32,0,6,0,0,1
1121,1,22,0,4,0,0,1
52,1,29,0,7,1,2,1
643,1,25,0,4,0,1,1
892,1,32,0,15,1,2,1
4099,1,50,0,7,0,2,1
2569,1,39,0,0,0,0,0
4634,1,55,0,1,0,1,1
2693,1,23,0,1,0,1,1
779,1,23,0,0,1,1,0
1517,1,34,0,2,0,1,0
1698,1,26,0,4,1,0,1
5013,1,50,0,2,0,0,1
4963,1,35,0,10,1,2,1
656,1,20,0,15,0,1,1
1040,1,43,0,6,0,0,1
4650,1,27,0,1,1,1,0
2065,0,34,0,2,0,1,0
5628,1,29,0,0,0,0,1
3825,1,24,0,6,0,2,1
5164,1,22,0,7,1,1,1
2023,1,52,0,1,1,2,1
616,1,21,0,8,1,1,0
721,0,54,0,26,0,1,0
5377,1,21,0,0,0,1,0
2743,1,51,0,2,0,2,1
1947,0,30,0,7,0,1,1
3282,1,25,0,27,0,0,0
9,1,31,0,27,0,1,0
2847,1,34,0,3,0,2,1
934,1,31,0,26,1,1,0
5246,1,45,0,0,1,1,1
2968,0,25,0,16,0,1,1
1487,1,33,0,6,1,1,1
4841,1,45,0,0,1,1,0
4123,1,20,0,0,1,2,1
574,1,26,0,15,0,2,1
3138,1,43,0,4,0,2,1
1855,1,22,0,29,0,1,0
4542,1,48,0,1,1,1,0
3310,1,30,0,0,0,1,0
1149,1,34,0,16,1,2,1
5541,1,42,0,10,0,0,1
4382,1,45,0,1,1,1,0
4102,1,46,0,2,1,1,0
4290,1,24,0,6,0,1,0
3081,0,39,0,3,0,2,1
2485,0,27,0,0,0,2,1
3622,1,30,0,10,0,2,1
4035,0,26,0,1,1,0,0
2958,1,32,0,0,0,0,0
86,1,23,0,4,0,1,0
1883,1,61,0,13,0,0,1
2504,0,25,0,0,0,1,0
3182,1,50,0,12,0,1,1
830,0,23,0,4,1,1,0
4299,1,21,0,1,1,1,0
3732,1,24,0,0,0,0,1
4499,1,27,0,2,1,0,1
3379,1,49,0,3,1,2,0
1836,1,65,0,1,1,1,1
4623,0,23,0,8,1,2,1
857,1,31,0,1,0,0,1
4913,1,21,0,0,0,0,0
5617,0,19,0,16,1,0,0
2273,0,34,0,8,0,2,0
230,1,48,0,1,0,0,1
3719,1,25,0,1,0,0,1
1315,1,30,0,0,0,2,1
1141,1,24,0,0,0,1,0
1693,0,45,0,1,1,1,0
4271,0,44,0,0,0,1,0
904,1,22,0,0,1,0,0
146,0,46,0,2,1,2,0
2587,0,36,0,2,0,0,1
918,1,27,0,1,1,0,1
2152,1,37,0,12,1,1,0
5366,1,64,0,0,1,1,0
2818,1,28,0,0,0,1,0
980,0,37,0,5,1,2,0
37,1,28,0,0,1,1,0
4403,1,22,0,1,0,1,0
4588,0,37,0,2,1,0,0
1424,1,34,0,2,0,1,1
753,1,30,0,5,0,2,1
5689,1,39,0,15,0,1,1
325,1,26,0,3,0,2,1
93,1,26,0,0,1,2,0
5443,1,24,0,5,0,0,1
3434,1,33,0,3,0,2,0
5428,1,46,0,22,1,0,1
586,1,26,0,0,1,1,0
3321,1,41,0,10,0,2,1
4738,1,52,0,0,0,1,1
1762,1,50,0,2,0,1,0
3051,0,45,0,29,1,1,0
193,1,38,0,1,1,1,0
4134,1,26,0,13,0,2,1
295,1,43,0,16,0,1,0
4791,0,24,0,1,1,1,0
5151,1,23,0,0,1,2,0
660,1,25,0,0,1,1,0
2869,1,51,0,15,0,0,1
1127,1,22,0,0,0,0,1
3653,1,21,0,8,1,1,0
5237,0,28,0,1,1,1,0
2243,0,42,0,4,1,1,0
2088,1,22,0,1,0,0,1
2308,0,44,0,2,1,1,0
122,1,27,0,4,0,2,1
5546,1,34,1,2,1,1,1
2973,1,34,0,0,1,1,0
2301,0,28,0,8,0,1,0
1529,1,31,0,0,0,1,0
5543,1,34,0,0,0,0,1
3542,1,77,0,0,0,2,0
3396,1,25,0,6,0,0,1
3844,1,41,0,7,0,1,0
5267,1,28,0,0,0,1,1
338,0,50,0,4,0,2,0
1305,0,39,0,3,0,1,1
1845,1,29,0,3,0,2,0
1308,1,55,0,0,0,1,1
2960,1,19,0,0,0,1,0
2795,1,21,0,1,1,1,0
1973,0,45,0,0,0,1,0
2170,1,52,0,16,0,2,1
4426,1,38,0,11,0,2,1
5355,1,24,0,13,0,0,1
1479,1,50,0,11,0,1,0
5316,1,33,0,0,1,1,0
5639,0,27,0,0,1,1,0
4254,1,31,0,13,1,1,1
3225,1,29,0,3,0,1,0
3217,1,22,0,0,0,1,0
4569,1,31,0,0,0,0,1
5071,1,27,0,3,0,1,1
2418,1,52,0,3,1,2,1
3815,1,49,0,0,1,2,1
997,1,22,0,2,0,1,1
4512,0,26,0,7,0,1,0
5281,1,47,0,27,1,1,0
966,1,31,0,1,1,1,0
2505,1,51,0,8,1,1,0
5594,1,56,0,29,0,2,0
1953,0,24,0,0,0,1,0
5049,0,44,0,9,0,0,1
2272,1,32,0,2,0,2,1
195,1,30,0,2,1,1,0
2671,1,34,0,0,1,2,0
5327,1,51,0,1,0,0,1
965,1,54,0,2,0,2,0
2908,1,54,0,2,0,2,1
2135,1,27,0,13,0,0,1
2501,0,44,0,3,1,0,0
692,1,37,0,13,0,0,1
1986,1,22,0,1,0,0,1
5061,1,21,0,3,0,1,0
3279,1,32,0,1,1,1,0
1992,1,21,0,0,0,2,1
5113,0,28,0,15,0,2,0
2733,1,36,0,2,0,1,1
4637,1,29,0,0,1,2,1
1466,1,64,0,2,1,1,0
5655,0,27,0,30,0,1,0
795,1,34,0,10,0,2,1
5208,1,44,0,9,0,1,1
3145,1,30,0,5,0,2,0
4139,1,37,0,2,0,0,1
2563,1,69,0,1,0,1,1
859,1,22,0,18,0,2,1
4697,1,24,0,1,1,1,0
1363,1,30,0,1,0,1,0
4143,0,45,0,0,1,1,0
4258,1,24,0,0,1,1,0
4707,0,29,0,0,0,1,0
2784,1,23,0,1,0,0,1
5298,0,22,0,5,1,0,0
4109,1,25,0,1,0,2,0
4066,1,39,1,5,0,2,0
5450,0,69,0,2,1,1,0
5598,1,24,0,0,0,1,1
2780,1,38,0,0,1,1,1
438,1,32,0,1,1,1,0
1800,1,28,0,1,0,1,0
3901,1,21,0,2,0,2,0
5148,1,20,0,0,1,2,1
4705,0,39,0,1,1,0,1
3006,1,52,0,1,0,0,0
139,1,24,0,13,1,0,1
4363,1,56,0,0,0,2,1
1407,1,61,0,10,0,2,1
2326,0,34,0,3,0,0,1
1301,1,24,0,8,0,1,0
5101,1,38,0,2,1,1,0
5576,0,27,0,1,0,2,0
1409,0,25,0,5,1,1,0
1590,1,33,0,2,0,1,1
1005,0,28,0,0,0,2,0
2770,1,34,0,16,0,0,0
1356,1,30,0,2,1,1,0
5196,0,58,0,0,0,2,1
3533,1,25,0,1,1,1,0
2465,1,51,0,0,0,1,0
2614,1,36,0,8,0,2,0
4646,1,45,0,3,0,0,1
825,1,42,0,0,1,2,0
3428,1,52,0,0,0,1,0
5627,1,37,0,0,0,1,1
382,1,26,0,0,0,2,0
3720,1,65,0,2,1,0,1
2928,1,24,0,28,1,2,1
4302,1,33,0,1,1,1,0
3476,0,27,0,6,0,2,1
5302,1,36,0,5,0,0,1
5518,1,52,0,1,0,1,0
986,1,29,0,4,0,0,1
3573,1,27,0,5,0,2,1
5305,0,37,0,1,0,1,0
3997,1,24,0,0,0,2,0
5031,1,42,0,0,0,1,0
823,1,45,0,0,0,1,1
479,1,24,0,1,1,1,0
2182,0,30,0,4,1,0,0
1661,1,23,0,3,1,1,0
1015,1,22,0,3,1,2,0
2336,1,41,0,4,1,0,1
1071,0,24,0,2,0,0,1
328,1,71,0,0,0,1,0
1960,0,25,0,0,1,1,0
820,1,28,0,12,0,1,0
136,1,54,0,0,0,2,1
225,0,46,0,1,1,1,1
2280,1,38,0,12,0,1,1
2686,1,25,0,4,1,1,1
5236,0,35,0,4,1,0,1
1563,1,55,0,13,0,2,1
2764,0,29,0,3,0,1,1
751,1,52,0,1,1,1,1
5169,0,25,0,2,0,1,1
2608,0,21,0,0,1,1,0
3518,0,27,0,5,1,1,1
4462,1,36,0,0,0,1,0
1058,1,32,0,0,0,1,0
939,1,32,0,3,0,2,1
4514,1,57,0,0,0,2,0
4643,1,49,0,0,0,1,0
2215,1,24,0,6,0,1,1
3708,1,45,0,0,1,1,0
2354,1,31,0,0,1,1,0
5717,1,52,0,12,1,0,1
569,1,21,0,1,0,0,0
4368,1,24,0,0,0,1,1
548,1,32,0,4,0,0,1
5474,1,46,0,0,0,1,0
5472,1,34,0,1,0,1,0
4442,1,19,0,8,0,1,1
984,0,22,0,1,1,1,0
4912,0,26,0,0,1,2,1
4479,1,31,0,0,0,1,1
4125,1,32,0,0,0,2,0
2422,1,27,0,2,1,1,1
3731,1,46,0,0,0,2,1
3706,1,26,0,4,1,1,1
3441,1,21,0,0,0,2,0
1773,0,26,0,1,1,1,0
4047,0,37,0,0,1,1,0
905,0,24,0,0,1,1,0
592,1,27,0,0,0,0,1
724,1,31,0,9,0,0,1
2145,1,45,0,0,1,1,0
3090,0,31,0,0,0,0,1
3534,1,23,0,0,1,1,1
3919,0,30,0,33,0,1,0
4274,1,37,0,27,1,2,0
4301,1,21,0,4,0,1,0
4270,1,27,0,33,1,1,0
5685,1,29,0,5,0,0,1
5325,1,21,0,4,0,2,1
5128,1,41,0,9,0,2,1
84,1,26,0,2,0,2,0
1467,1,34,0,16,0,1,0
4087,1,22,0,1,0,0,1
4897,0,28,0,0,0,1,0
3593,0,58,0,11,1,1,0
4832,0,48,0,4,0,2,1
5511,1,28,0,6,0,2,1
1418,1,28,0,1,1,0,1
1630,0,44,0,1,1,2,0
4546,1,40,0,0,1,1,0
1835,1,21,0,12,0,0,1
833,1,30,0,2,0,0,1
3721,1,46,0,1,0,2,0
2136,1,19,0,9,0,1,1
4972,1,34,0,0,0,1,0
2078,1,23,0,1,0,1,0
3841,1,56,0,3,1,2,1
1187,1,21,0,15,1,1,0
1059,1,26,0,0,1,2,1
1258,1,27,0,30,0,1,0
5687,1,52,0,5,0,1,1
861,0,27,0,16,0,2,0
3000,1,22,0,1,0,2,0
4769,1,35,0,7,0,1,1
2370,0,54,0,0,0,2,0
4882,1,37,0,1,0,1,0
188,1,51,0,5,1,0,1
1284,0,26,0,3,1,2,0
518,0,37,0,6,1,2,1
145,0,22,0,2,1,1,0
2200,0,24,0,4,1,1,1
2640,1,51,0,3,1,1,1
2174,1,29,0,2,0,1,1
2084,1,77,0,1,0,1,0
2443,1,43,0,15,0,1,1
1984,1,42,0,0,1,1,0
1260,1,41,0,0,0,1,0
521,1,36,0,0,1,1,0
3983,1,48,0,4,0,2,0
447,1,22,0,0,0,2,1
822,1,27,0,1,0,2,0
300,1,49,0,0,1,1,0
1249,1,29,0,0,0,1,1
4823,0,35,0,1,1,1,1
1707,1,26,0,3,0,2,1
466,1,39,0,3,1,0,1
3840,1,26,0,3,0,1,0
784,0,25,0,1,0,2,0
781,1,25,0,5,1,1,0
2175,1,52,0,2,0,0,0
1607,1,27,0,1,0,1,0
3070,1,27,0,0,0,1,0
3007,0,56,0,0,1,1,0
2623,1,23,0,1,0,1,0
3143,0,29,0,0,0,2,0
961,0,32,0,12,0,1,0
4060,1,59,0,0,0,2,0
3856,1,47,0,3,0,1,0
5223,1,40,0,3,0,0,1
64,1,32,0,0,1,1,0
5234,1,25,0,1,1,1,0
2535,0,32,0,27,0,1,0
4702,1,25,0,2,1,1,1
226,1,24,0,7,1,0,0
1198,1,32,0,0,0,1,0
2457,0,47,0,3,0,1,1
253,1,39,0,2,1,1,0
5578,1,27,0,0,1,1,0
927,0,29,0,6,0,2,1
3250,1,27,0,1,0,1,1
1106,1,25,0,5,0,1,1
2435,1,27,0,1,0,0,1
5664,1,35,0,1,1,1,1
5070,0,23,0,8,1,1,0
4560,1,23,0,4,0,0,1
4672,1,25,0,33,1,1,0
4194,0,29,0,0,0,0,1
1188,1,46,0,3,1,1,1
4807,1,20,0,1,1,1,0
1537,0,22,0,9,1,1,1
2887,1,24,0,2,0,1,1
3049,1,20,0,2,0,0,0
411,1,36,0,1,1,1,1
4260,1,41,0,3,1,1,0
199,0,31,0,0,0,1,0
2181,1,36,0,0,0,1,1
293,1,44,0,7,0,0,1
3469,1,77,0,2,1,0,1
4023,1,25,0,8,0,0,1
3640,1,53,0,0,0,1,0
2983,1,24,0,1,1,1,0
